{
	"credit": "Made by ShadowAlzazel with Blockbench",
	"texture_size": [64, 64],
	"textures": {
		"0": "weapons/runic_smithing_station_sides",
		"particle": "weapons/runic_smithing_station_sides"
	},
	"elements": [
		{
			"from": [0, 0, 0],
			"to": [16, 16, 16],
			"faces": {
				"north": {"uv": [0, 0, 4, 4], "texture": "#0"},
				"east": {"uv": [0, 0, 4, 4], "texture": "#0"},
				"south": {"uv": [0, 0, 4, 4], "texture": "#0"},
				"west": {"uv": [0, 0, 4, 4], "texture": "#0"},
				"up": {"uv": [4, 8, 0, 4], "texture": "#0"},
				"down": {"uv": [8, 0, 4, 4], "texture": "#0"}
			}
		}
	]
}