{
	"credit": "Made with Blockbench by ShadowAlzazel",
	"texture_size": [32, 32],
	"textures": {
		"0": "odyssey:item/weapons/chakram_texture",
		"particle": "odyssey:item/weapons/chakram_texture"
	},
	"elements": [
		{
			"from": [8, 0, 4],
			"to": [10, 1, 5],
			"faces": {
				"north": {"uv": [10.5, 6, 11.5, 6.5], "texture": "#0"},
				"east": {"uv": [10, 6, 10.5, 6.5], "texture": "#0"},
				"south": {"uv": [12, 6, 13, 6.5], "texture": "#0"},
				"west": {"uv": [11.5, 6, 12, 6.5], "texture": "#0"},
				"up": {"uv": [11.5, 6, 10.5, 5.5], "texture": "#0"},
				"down": {"uv": [12.5, 5.5, 11.5, 6], "texture": "#0"}
			}
		},
		{
			"from": [5, 0, 12],
			"to": [7, 1, 13],
			"faces": {
				"north": {"uv": [10.5, 5, 11.5, 5.5], "texture": "#0"},
				"east": {"uv": [10, 5, 10.5, 5.5], "texture": "#0"},
				"south": {"uv": [12, 5, 13, 5.5], "texture": "#0"},
				"west": {"uv": [11.5, 5, 12, 5.5], "texture": "#0"},
				"up": {"uv": [11.5, 5, 10.5, 4.5], "texture": "#0"},
				"down": {"uv": [12.5, 4.5, 11.5, 5], "texture": "#0"}
			}
		},
		{
			"from": [5, 0, 2],
			"to": [10, 1, 3],
			"faces": {
				"north": {"uv": [10.5, 7.5, 13, 8], "texture": "#0"},
				"east": {"uv": [10, 7.5, 10.5, 8], "texture": "#0"},
				"south": {"uv": [13.5, 7.5, 16, 8], "texture": "#0"},
				"west": {"uv": [13, 7.5, 13.5, 8], "texture": "#0"},
				"up": {"uv": [13, 7.5, 10.5, 7], "texture": "#0"},
				"down": {"uv": [15.5, 7, 13, 7.5], "texture": "#0"}
			}
		},
		{
			"from": [3, 0, 3],
			"to": [7, 1, 4],
			"faces": {
				"north": {"uv": [11.5, 1.5, 13.5, 2], "texture": "#0"},
				"east": {"uv": [11, 1.5, 11.5, 2], "texture": "#0"},
				"south": {"uv": [14, 1.5, 16, 2], "texture": "#0"},
				"west": {"uv": [13.5, 1.5, 14, 2], "texture": "#0"},
				"up": {"uv": [13.5, 1.5, 11.5, 1], "texture": "#0"},
				"down": {"uv": [15.5, 1, 13.5, 1.5], "texture": "#0"}
			}
		},
		{
			"from": [2, 0, 4],
			"to": [3, 1, 8],
			"faces": {
				"north": {"uv": [13, 6.5, 13.5, 7], "texture": "#0"},
				"east": {"uv": [11, 6.5, 13, 7], "texture": "#0"},
				"south": {"uv": [15.5, 6.5, 16, 7], "texture": "#0"},
				"west": {"uv": [13.5, 6.5, 15.5, 7], "texture": "#0"},
				"up": {"uv": [13.5, 6.5, 13, 4.5], "texture": "#0"},
				"down": {"uv": [14, 4.5, 13.5, 6.5], "texture": "#0"}
			}
		},
		{
			"from": [12, 0, 9],
			"to": [13, 1, 13],
			"faces": {
				"north": {"uv": [13, 6.5, 13.5, 7], "texture": "#0"},
				"east": {"uv": [11, 6.5, 13, 7], "texture": "#0"},
				"south": {"uv": [15.5, 6.5, 16, 7], "texture": "#0"},
				"west": {"uv": [13.5, 6.5, 15.5, 7], "texture": "#0"},
				"up": {"uv": [13.5, 6.5, 13, 4.5], "texture": "#0"},
				"down": {"uv": [14, 4.5, 13.5, 6.5], "texture": "#0"}
			}
		},
		{
			"from": [8, 0, 13],
			"to": [12, 1, 14],
			"faces": {
				"north": {"uv": [8.5, 2.5, 10.5, 3], "texture": "#0"},
				"east": {"uv": [8, 2.5, 8.5, 3], "texture": "#0"},
				"south": {"uv": [11, 2.5, 13, 3], "texture": "#0"},
				"west": {"uv": [10.5, 2.5, 11, 3], "texture": "#0"},
				"up": {"uv": [10.5, 2.5, 8.5, 2], "texture": "#0"},
				"down": {"uv": [12.5, 2, 10.5, 2.5], "texture": "#0"}
			}
		},
		{
			"from": [5, 0, 14],
			"to": [10, 1, 15],
			"faces": {
				"north": {"uv": [10.5, 0.5, 13, 1], "texture": "#0"},
				"east": {"uv": [10, 0.5, 10.5, 1], "texture": "#0"},
				"south": {"uv": [13.5, 0.5, 16, 1], "texture": "#0"},
				"west": {"uv": [13, 0.5, 13.5, 1], "texture": "#0"},
				"up": {"uv": [13, 0.5, 10.5, 0], "texture": "#0"},
				"down": {"uv": [15.5, 0, 13, 0.5], "texture": "#0"}
			}
		},
		{
			"from": [2, 0, 11],
			"to": [3, 1, 13],
			"faces": {
				"north": {"uv": [8, 4, 8.5, 4.5], "texture": "#0"},
				"east": {"uv": [7, 4, 8, 4.5], "texture": "#0"},
				"south": {"uv": [9.5, 4, 10, 4.5], "texture": "#0"},
				"west": {"uv": [8.5, 4, 9.5, 4.5], "texture": "#0"},
				"up": {"uv": [8.5, 4, 8, 3], "texture": "#0"},
				"down": {"uv": [9, 3, 8.5, 4], "texture": "#0"}
			}
		},
		{
			"from": [12, 0, 4],
			"to": [13, 1, 6],
			"faces": {
				"north": {"uv": [8, 15, 8.5, 15.5], "texture": "#0"},
				"east": {"uv": [7, 15, 8, 15.5], "texture": "#0"},
				"south": {"uv": [9.5, 15, 10, 15.5], "texture": "#0"},
				"west": {"uv": [8.5, 15, 9.5, 15.5], "texture": "#0"},
				"up": {"uv": [8.5, 15, 8, 14], "texture": "#0"},
				"down": {"uv": [9, 14, 8.5, 15], "texture": "#0"}
			}
		},
		{
			"from": [10, 0, 12],
			"to": [12, 1, 13],
			"faces": {
				"north": {"uv": [7.5, 1.5, 8.5, 2], "texture": "#0"},
				"east": {"uv": [7, 1.5, 7.5, 2], "texture": "#0"},
				"south": {"uv": [9, 1.5, 10, 2], "texture": "#0"},
				"west": {"uv": [8.5, 1.5, 9, 2], "texture": "#0"},
				"up": {"uv": [8.5, 1.5, 7.5, 1], "texture": "#0"},
				"down": {"uv": [9.5, 1, 8.5, 1.5], "texture": "#0"}
			}
		},
		{
			"from": [3, 0, 4],
			"to": [5, 1, 5],
			"faces": {
				"north": {"uv": [7.5, 0.5, 8.5, 1], "texture": "#0"},
				"east": {"uv": [7, 0.5, 7.5, 1], "texture": "#0"},
				"south": {"uv": [9, 0.5, 10, 1], "texture": "#0"},
				"west": {"uv": [8.5, 0.5, 9, 1], "texture": "#0"},
				"up": {"uv": [8.5, 0.5, 7.5, 0], "texture": "#0"},
				"down": {"uv": [9.5, 0, 8.5, 0.5], "texture": "#0"}
			}
		},
		{
			"from": [13, 0, 7],
			"to": [14, 1, 11],
			"faces": {
				"north": {"uv": [13, 10, 13.5, 10.5], "texture": "#0"},
				"east": {"uv": [11, 10, 13, 10.5], "texture": "#0"},
				"south": {"uv": [15.5, 10, 16, 10.5], "texture": "#0"},
				"west": {"uv": [13.5, 10, 15.5, 10.5], "texture": "#0"},
				"up": {"uv": [13.5, 10, 13, 8], "texture": "#0"},
				"down": {"uv": [14, 8, 13.5, 10], "texture": "#0"}
			}
		},
		{
			"from": [1, 0, 6],
			"to": [2, 1, 10],
			"faces": {
				"north": {"uv": [13, 4, 13.5, 4.5], "texture": "#0"},
				"east": {"uv": [11, 4, 13, 4.5], "texture": "#0"},
				"south": {"uv": [15.5, 4, 16, 4.5], "texture": "#0"},
				"west": {"uv": [13.5, 4, 15.5, 4.5], "texture": "#0"},
				"up": {"uv": [13.5, 4, 13, 2], "texture": "#0"},
				"down": {"uv": [14, 2, 13.5, 4], "texture": "#0"}
			}
		},
		{
			"from": [5, 0, 13],
			"to": [8, 1, 14],
			"faces": {
				"north": {"uv": [4.5, 2.5, 6, 3], "texture": "#0"},
				"east": {"uv": [4, 2.5, 4.5, 3], "texture": "#0"},
				"south": {"uv": [6.5, 2.5, 8, 3], "texture": "#0"},
				"west": {"uv": [6, 2.5, 6.5, 3], "texture": "#0"},
				"up": {"uv": [6, 2.5, 4.5, 2], "texture": "#0"},
				"down": {"uv": [7.5, 2, 6, 2.5], "texture": "#0"}
			}
		},
		{
			"from": [7, 0, 3],
			"to": [10, 1, 4],
			"faces": {
				"north": {"uv": [4.5, 2.5, 6, 3], "texture": "#0"},
				"east": {"uv": [4, 2.5, 4.5, 3], "texture": "#0"},
				"south": {"uv": [6.5, 2.5, 8, 3], "texture": "#0"},
				"west": {"uv": [6, 2.5, 6.5, 3], "texture": "#0"},
				"up": {"uv": [6, 2.5, 4.5, 2], "texture": "#0"},
				"down": {"uv": [7.5, 2, 6, 2.5], "texture": "#0"}
			}
		},
		{
			"from": [3, 0, 5],
			"to": [4, 1, 6],
			"faces": {
				"north": {"uv": [2.5, 7, 3, 7.5], "texture": "#0"},
				"east": {"uv": [2, 7, 2.5, 7.5], "texture": "#0"},
				"south": {"uv": [3.5, 7, 4, 7.5], "texture": "#0"},
				"west": {"uv": [3, 7, 3.5, 7.5], "texture": "#0"},
				"up": {"uv": [3, 7, 2.5, 6.5], "texture": "#0"},
				"down": {"uv": [3.5, 6.5, 3, 7], "texture": "#0"}
			}
		},
		{
			"from": [11, 0, 11],
			"to": [12, 1, 12],
			"faces": {
				"north": {"uv": [2.5, 7, 3, 7.5], "texture": "#0"},
				"east": {"uv": [2, 7, 2.5, 7.5], "texture": "#0"},
				"south": {"uv": [3.5, 7, 4, 7.5], "texture": "#0"},
				"west": {"uv": [3, 7, 3.5, 7.5], "texture": "#0"},
				"up": {"uv": [3, 7, 2.5, 6.5], "texture": "#0"},
				"down": {"uv": [3.5, 6.5, 3, 7], "texture": "#0"}
			}
		},
		{
			"from": [10, 0, 3],
			"to": [11, 1, 6],
			"faces": {
				"north": {"uv": [13.5, 14.5, 14, 15], "texture": "#0"},
				"east": {"uv": [12, 14.5, 13.5, 15], "texture": "#0"},
				"south": {"uv": [15.5, 14.5, 16, 15], "texture": "#0"},
				"west": {"uv": [14, 14.5, 15.5, 15], "texture": "#0"},
				"up": {"uv": [14, 14.5, 13.5, 13], "texture": "#0"},
				"down": {"uv": [14.5, 13, 14, 14.5], "texture": "#0"}
			}
		},
		{
			"from": [4, 0, 11],
			"to": [5, 1, 14],
			"faces": {
				"north": {"uv": [8.5, 12.5, 9, 13], "texture": "#0"},
				"east": {"uv": [7, 12.5, 8.5, 13], "texture": "#0"},
				"south": {"uv": [10.5, 12.5, 11, 13], "texture": "#0"},
				"west": {"uv": [9, 12.5, 10.5, 13], "texture": "#0"},
				"up": {"uv": [9, 12.5, 8.5, 11], "texture": "#0"},
				"down": {"uv": [9.5, 11, 9, 12.5], "texture": "#0"}
			}
		},
		{
			"from": [3, 0, 10],
			"to": [4, 1, 14],
			"faces": {
				"north": {"uv": [8, 10, 8.5, 10.5], "texture": "#0"},
				"east": {"uv": [6, 10, 8, 10.5], "texture": "#0"},
				"south": {"uv": [10.5, 10, 11, 10.5], "texture": "#0"},
				"west": {"uv": [8.5, 10, 10.5, 10.5], "texture": "#0"},
				"up": {"uv": [8.5, 10, 8, 8], "texture": "#0"},
				"down": {"uv": [9, 8, 8.5, 10], "texture": "#0"}
			}
		},
		{
			"from": [6, 0, 8],
			"to": [7, 1, 10],
			"faces": {
				"north": {"uv": [1, 3, 1.5, 3.5], "texture": "#0"},
				"east": {"uv": [0, 3, 1, 3.5], "texture": "#0"},
				"south": {"uv": [2.5, 3, 3, 3.5], "texture": "#0"},
				"west": {"uv": [1.5, 3, 2.5, 3.5], "texture": "#0"},
				"up": {"uv": [1.5, 3, 1, 2], "texture": "#0"},
				"down": {"uv": [2, 2, 1.5, 3], "texture": "#0"}
			}
		},
		{
			"from": [8, 0, 7],
			"to": [9, 1, 9],
			"faces": {
				"north": {"uv": [1, 3, 1.5, 3.5], "texture": "#0"},
				"east": {"uv": [0, 3, 1, 3.5], "texture": "#0"},
				"south": {"uv": [2.5, 3, 3, 3.5], "texture": "#0"},
				"west": {"uv": [1.5, 3, 2.5, 3.5], "texture": "#0"},
				"up": {"uv": [1.5, 3, 1, 2], "texture": "#0"},
				"down": {"uv": [2, 2, 1.5, 3], "texture": "#0"}
			}
		},
		{
			"from": [11, 0, 3],
			"to": [12, 1, 7],
			"faces": {
				"north": {"uv": [13, 12.5, 13.5, 13], "texture": "#0"},
				"east": {"uv": [11, 12.5, 13, 13], "texture": "#0"},
				"south": {"uv": [15.5, 12.5, 16, 13], "texture": "#0"},
				"west": {"uv": [13.5, 12.5, 15.5, 13], "texture": "#0"},
				"up": {"uv": [13.5, 12.5, 13, 10.5], "texture": "#0"},
				"down": {"uv": [14, 10.5, 13.5, 12.5], "texture": "#0"}
			}
		},
		{
			"from": [9, 0, 5],
			"to": [10, 1, 8],
			"faces": {
				"north": {"uv": [1.5, 1.5, 2, 2], "texture": "#0"},
				"east": {"uv": [0, 1.5, 1.5, 2], "texture": "#0"},
				"south": {"uv": [3.5, 1.5, 4, 2], "texture": "#0"},
				"west": {"uv": [2, 1.5, 3.5, 2], "texture": "#0"},
				"up": {"uv": [2, 1.5, 1.5, 0], "texture": "#0"},
				"down": {"uv": [2.5, 0, 2, 1.5], "texture": "#0"}
			}
		},
		{
			"from": [5, 0, 9],
			"to": [6, 1, 12],
			"faces": {
				"north": {"uv": [1.5, 1.5, 2, 2], "texture": "#0"},
				"east": {"uv": [0, 1.5, 1.5, 2], "texture": "#0"},
				"south": {"uv": [3.5, 1.5, 4, 2], "texture": "#0"},
				"west": {"uv": [2, 1.5, 3.5, 2], "texture": "#0"},
				"up": {"uv": [2, 1.5, 1.5, 0], "texture": "#0"},
				"down": {"uv": [2.5, 0, 2, 1.5], "texture": "#0"}
			}
		},
		{
			"from": [4, 0, 10],
			"to": [5, 1, 11],
			"faces": {
				"north": {"uv": [2.5, 5, 3, 5.5], "texture": "#0"},
				"east": {"uv": [2, 5, 2.5, 5.5], "texture": "#0"},
				"south": {"uv": [3.5, 5, 4, 5.5], "texture": "#0"},
				"west": {"uv": [3, 5, 3.5, 5.5], "texture": "#0"},
				"up": {"uv": [3, 5, 2.5, 4.5], "texture": "#0"},
				"down": {"uv": [3.5, 4.5, 3, 5], "texture": "#0"}
			}
		},
		{
			"from": [10, 0, 6],
			"to": [11, 1, 7],
			"faces": {
				"north": {"uv": [2.5, 5, 3, 5.5], "texture": "#0"},
				"east": {"uv": [2, 5, 2.5, 5.5], "texture": "#0"},
				"south": {"uv": [3.5, 5, 4, 5.5], "texture": "#0"},
				"west": {"uv": [3, 5, 3.5, 5.5], "texture": "#0"},
				"up": {"uv": [3, 5, 2.5, 4.5], "texture": "#0"},
				"down": {"uv": [3.5, 4.5, 3, 5], "texture": "#0"}
			}
		},
		{
			"from": [7, 0, 8],
			"to": [8, 1, 9],
			"faces": {
				"north": {"uv": [0.5, 5, 1, 5.5], "texture": "#0"},
				"east": {"uv": [0, 5, 0.5, 5.5], "texture": "#0"},
				"south": {"uv": [1.5, 5, 2, 5.5], "texture": "#0"},
				"west": {"uv": [1, 5, 1.5, 5.5], "texture": "#0"},
				"up": {"uv": [1, 5, 0.5, 4.5], "texture": "#0"},
				"down": {"uv": [1.5, 4.5, 1, 5], "texture": "#0"}
			}
		}
	],
	"gui_light": "front",
	"display": {
		"thirdperson_righthand": {
			"rotation": [45, 24, 80],
			"translation": [-6, -2.5, 3.5]
		},
		"thirdperson_lefthand": {
			"rotation": [45, 24, -96],
			"translation": [7.75, 0.25, -1.75]
		},
		"firstperson_righthand": {
			"rotation": [60, 0, 90],
			"translation": [-1.75, 1.75, 0]
		},
		"firstperson_lefthand": {
			"rotation": [30, 0, -90],
			"translation": [13.5, 1.75, -0.25]
		},
		"ground": {
			"rotation": [90, 0, 0],
			"translation": [0, 3, 0]
		},
		"gui": {
			"rotation": [90, 0, 0]
		},
		"fixed": {
			"rotation": [90, 0, 0],
			"translation": [0, 0, 7.5]
		}
	},
	"groups": [
		{
			"name": "blade",
			"origin": [8, 8, 8],
			"color": 0,
			"nbt": "{}",
			"armAnimationEnabled": false,
			"children": [0, 1, 2, 3, 4, 5, 6, 7, 8, 9, 10, 11, 12, 13, 14, 15, 16, 17]
		},
		{
			"name": "hilt",
			"origin": [8, 8, 8],
			"color": 0,
			"nbt": "{}",
			"armAnimationEnabled": false,
			"children": [18, 19, 20, 21, 22, 23]
		},
		{
			"name": "handle",
			"origin": [8, 8, 8],
			"color": 0,
			"nbt": "{}",
			"armAnimationEnabled": false,
			"children": [24, 25, 26, 27, 28]
		},
		{
			"name": "pommel",
			"origin": [8, 8, 8],
			"color": 0,
			"nbt": "{}",
			"armAnimationEnabled": false,
			"children": []
		}
	]
}