{
	"credit": "Made with Blockbench by ShadowAlzazel",
	"texture_size": [32, 32],
	"textures": {
		"0": "odyssey:item/weapons/claymore_texture",
		"particle": "odyssey:item/weapons/claymore_texture"
	},
	"elements": [
		{
			"name": "cube_2",
			"from": [4, 0, 11],
			"to": [5, 1, 13],
			"faces": {
				"north": {"uv": [1, 3, 1.5, 3.5], "texture": "#0"},
				"east": {"uv": [0, 3, 1, 3.5], "texture": "#0"},
				"south": {"uv": [2.5, 3, 3, 3.5], "texture": "#0"},
				"west": {"uv": [1.5, 3, 2.5, 3.5], "texture": "#0"},
				"up": {"uv": [1.5, 3, 1, 2], "texture": "#0"},
				"down": {"uv": [2, 2, 1.5, 3], "texture": "#0"}
			}
		},
		{
			"name": "cube_2",
			"from": [0, 0, 14],
			"to": [1, 1, 15],
			"faces": {
				"north": {"uv": [2.5, 5, 3, 5.5], "texture": "#0"},
				"east": {"uv": [2, 5, 2.5, 5.5], "texture": "#0"},
				"south": {"uv": [3.5, 5, 4, 5.5], "texture": "#0"},
				"west": {"uv": [3, 5, 3.5, 5.5], "texture": "#0"},
				"up": {"uv": [3, 5, 2.5, 4.5], "texture": "#0"},
				"down": {"uv": [3.5, 4.5, 3, 5], "texture": "#0"}
			}
		},
		{
			"name": "cube_2",
			"from": [1, 0, 13],
			"to": [2, 1, 16],
			"faces": {
				"north": {"uv": [1.5, 1.5, 2, 2], "texture": "#0"},
				"east": {"uv": [0, 1.5, 1.5, 2], "texture": "#0"},
				"south": {"uv": [3.5, 1.5, 4, 2], "texture": "#0"},
				"west": {"uv": [2, 1.5, 3.5, 2], "texture": "#0"},
				"up": {"uv": [2, 1.5, 1.5, 0], "texture": "#0"},
				"down": {"uv": [2.5, 0, 2, 1.5], "texture": "#0"}
			}
		},
		{
			"name": "cube_2",
			"from": [2, 0, 12],
			"to": [3, 1, 15],
			"faces": {
				"north": {"uv": [1.5, 1.5, 2, 2], "texture": "#0"},
				"east": {"uv": [0, 1.5, 1.5, 2], "texture": "#0"},
				"south": {"uv": [3.5, 1.5, 4, 2], "texture": "#0"},
				"west": {"uv": [2, 1.5, 3.5, 2], "texture": "#0"},
				"up": {"uv": [2, 1.5, 1.5, 0], "texture": "#0"},
				"down": {"uv": [2.5, 0, 2, 1.5], "texture": "#0"}
			}
		},
		{
			"name": "cube_2",
			"from": [3, 0, 11],
			"to": [4, 1, 14],
			"faces": {
				"north": {"uv": [1.5, 1.5, 2, 2], "texture": "#0"},
				"east": {"uv": [0, 1.5, 1.5, 2], "texture": "#0"},
				"south": {"uv": [3.5, 1.5, 4, 2], "texture": "#0"},
				"west": {"uv": [2, 1.5, 3.5, 2], "texture": "#0"},
				"up": {"uv": [2, 1.5, 1.5, 0], "texture": "#0"},
				"down": {"uv": [2.5, 0, 2, 1.5], "texture": "#0"}
			}
		},
		{
			"from": [6, 0, 8],
			"to": [7, 1, 11],
			"faces": {
				"north": {"uv": [13.5, 10, 14, 10.5], "texture": "#0"},
				"east": {"uv": [12, 10, 13.5, 10.5], "texture": "#0"},
				"south": {"uv": [15.5, 10, 16, 10.5], "texture": "#0"},
				"west": {"uv": [14, 10, 15.5, 10.5], "texture": "#0"},
				"up": {"uv": [14, 10, 13.5, 8.5], "texture": "#0"},
				"down": {"uv": [14.5, 8.5, 14, 10], "texture": "#0"}
			}
		},
		{
			"from": [19, 0, -5],
			"to": [20, 1, -2],
			"faces": {
				"north": {"uv": [13.5, 1.5, 14, 2], "texture": "#0"},
				"east": {"uv": [12, 1.5, 13.5, 2], "texture": "#0"},
				"south": {"uv": [15.5, 1.5, 16, 2], "texture": "#0"},
				"west": {"uv": [14, 1.5, 15.5, 2], "texture": "#0"},
				"up": {"uv": [14, 1.5, 13.5, 0], "texture": "#0"},
				"down": {"uv": [14.5, 0, 14, 1.5], "texture": "#0"}
			}
		},
		{
			"from": [18, 0, -4],
			"to": [19, 1, -1],
			"faces": {
				"north": {"uv": [13.5, 1.5, 14, 2], "texture": "#0"},
				"east": {"uv": [12, 1.5, 13.5, 2], "texture": "#0"},
				"south": {"uv": [15.5, 1.5, 16, 2], "texture": "#0"},
				"west": {"uv": [14, 1.5, 15.5, 2], "texture": "#0"},
				"up": {"uv": [14, 1.5, 13.5, 0], "texture": "#0"},
				"down": {"uv": [14.5, 0, 14, 1.5], "texture": "#0"}
			}
		},
		{
			"from": [17, 0, -3],
			"to": [18, 1, 0],
			"faces": {
				"north": {"uv": [13.5, 1.5, 14, 2], "texture": "#0"},
				"east": {"uv": [12, 1.5, 13.5, 2], "texture": "#0"},
				"south": {"uv": [15.5, 1.5, 16, 2], "texture": "#0"},
				"west": {"uv": [14, 1.5, 15.5, 2], "texture": "#0"},
				"up": {"uv": [14, 1.5, 13.5, 0], "texture": "#0"},
				"down": {"uv": [14.5, 0, 14, 1.5], "texture": "#0"}
			}
		},
		{
			"from": [16, 0, -2],
			"to": [17, 1, 1],
			"faces": {
				"north": {"uv": [13.5, 1.5, 14, 2], "texture": "#0"},
				"east": {"uv": [12, 1.5, 13.5, 2], "texture": "#0"},
				"south": {"uv": [15.5, 1.5, 16, 2], "texture": "#0"},
				"west": {"uv": [14, 1.5, 15.5, 2], "texture": "#0"},
				"up": {"uv": [14, 1.5, 13.5, 0], "texture": "#0"},
				"down": {"uv": [14.5, 0, 14, 1.5], "texture": "#0"}
			}
		},
		{
			"from": [15, 0, -1],
			"to": [16, 1, 2],
			"faces": {
				"north": {"uv": [13.5, 1.5, 14, 2], "texture": "#0"},
				"east": {"uv": [12, 1.5, 13.5, 2], "texture": "#0"},
				"south": {"uv": [15.5, 1.5, 16, 2], "texture": "#0"},
				"west": {"uv": [14, 1.5, 15.5, 2], "texture": "#0"},
				"up": {"uv": [14, 1.5, 13.5, 0], "texture": "#0"},
				"down": {"uv": [14.5, 0, 14, 1.5], "texture": "#0"}
			}
		},
		{
			"from": [14, 0, 0],
			"to": [15, 1, 3],
			"faces": {
				"north": {"uv": [13.5, 1.5, 14, 2], "texture": "#0"},
				"east": {"uv": [12, 1.5, 13.5, 2], "texture": "#0"},
				"south": {"uv": [15.5, 1.5, 16, 2], "texture": "#0"},
				"west": {"uv": [14, 1.5, 15.5, 2], "texture": "#0"},
				"up": {"uv": [14, 1.5, 13.5, 0], "texture": "#0"},
				"down": {"uv": [14.5, 0, 14, 1.5], "texture": "#0"}
			}
		},
		{
			"from": [7, 0, 7],
			"to": [8, 1, 10],
			"faces": {
				"north": {"uv": [13.5, 10, 14, 10.5], "texture": "#0"},
				"east": {"uv": [12, 10, 13.5, 10.5], "texture": "#0"},
				"south": {"uv": [15.5, 10, 16, 10.5], "texture": "#0"},
				"west": {"uv": [14, 10, 15.5, 10.5], "texture": "#0"},
				"up": {"uv": [14, 10, 13.5, 8.5], "texture": "#0"},
				"down": {"uv": [14.5, 8.5, 14, 10], "texture": "#0"}
			}
		},
		{
			"from": [8, 0, 6],
			"to": [9, 1, 9],
			"faces": {
				"north": {"uv": [13.5, 10, 14, 10.5], "texture": "#0"},
				"east": {"uv": [12, 10, 13.5, 10.5], "texture": "#0"},
				"south": {"uv": [15.5, 10, 16, 10.5], "texture": "#0"},
				"west": {"uv": [14, 10, 15.5, 10.5], "texture": "#0"},
				"up": {"uv": [14, 10, 13.5, 8.5], "texture": "#0"},
				"down": {"uv": [14.5, 8.5, 14, 10], "texture": "#0"}
			}
		},
		{
			"from": [9, 0, 5],
			"to": [10, 1, 8],
			"faces": {
				"north": {"uv": [13.5, 10, 14, 10.5], "texture": "#0"},
				"east": {"uv": [12, 10, 13.5, 10.5], "texture": "#0"},
				"south": {"uv": [15.5, 10, 16, 10.5], "texture": "#0"},
				"west": {"uv": [14, 10, 15.5, 10.5], "texture": "#0"},
				"up": {"uv": [14, 10, 13.5, 8.5], "texture": "#0"},
				"down": {"uv": [14.5, 8.5, 14, 10], "texture": "#0"}
			}
		},
		{
			"from": [10, 0, 4],
			"to": [11, 1, 7],
			"faces": {
				"north": {"uv": [13.5, 10, 14, 10.5], "texture": "#0"},
				"east": {"uv": [12, 10, 13.5, 10.5], "texture": "#0"},
				"south": {"uv": [15.5, 10, 16, 10.5], "texture": "#0"},
				"west": {"uv": [14, 10, 15.5, 10.5], "texture": "#0"},
				"up": {"uv": [14, 10, 13.5, 8.5], "texture": "#0"},
				"down": {"uv": [14.5, 8.5, 14, 10], "texture": "#0"}
			}
		},
		{
			"from": [13, 0, 1],
			"to": [14, 1, 4],
			"faces": {
				"north": {"uv": [13.5, 10, 14, 10.5], "texture": "#0"},
				"east": {"uv": [12, 10, 13.5, 10.5], "texture": "#0"},
				"south": {"uv": [15.5, 10, 16, 10.5], "texture": "#0"},
				"west": {"uv": [14, 10, 15.5, 10.5], "texture": "#0"},
				"up": {"uv": [14, 10, 13.5, 8.5], "texture": "#0"},
				"down": {"uv": [14.5, 8.5, 14, 10], "texture": "#0"}
			}
		},
		{
			"from": [12, 0, 2],
			"to": [13, 1, 5],
			"faces": {
				"north": {"uv": [13.5, 10, 14, 10.5], "texture": "#0"},
				"east": {"uv": [12, 10, 13.5, 10.5], "texture": "#0"},
				"south": {"uv": [15.5, 10, 16, 10.5], "texture": "#0"},
				"west": {"uv": [14, 10, 15.5, 10.5], "texture": "#0"},
				"up": {"uv": [14, 10, 13.5, 8.5], "texture": "#0"},
				"down": {"uv": [14.5, 8.5, 14, 10], "texture": "#0"}
			}
		},
		{
			"from": [11, 0, 3],
			"to": [12, 1, 6],
			"faces": {
				"north": {"uv": [13.5, 10, 14, 10.5], "texture": "#0"},
				"east": {"uv": [12, 10, 13.5, 10.5], "texture": "#0"},
				"south": {"uv": [15.5, 10, 16, 10.5], "texture": "#0"},
				"west": {"uv": [14, 10, 15.5, 10.5], "texture": "#0"},
				"up": {"uv": [14, 10, 13.5, 8.5], "texture": "#0"},
				"down": {"uv": [14.5, 8.5, 14, 10], "texture": "#0"}
			}
		},
		{
			"from": [5, 0, 9],
			"to": [6, 1, 11],
			"faces": {
				"north": {"uv": [14, 3, 14.5, 3.5], "texture": "#0"},
				"east": {"uv": [13, 3, 14, 3.5], "texture": "#0"},
				"south": {"uv": [15.5, 3, 16, 3.5], "texture": "#0"},
				"west": {"uv": [14.5, 3, 15.5, 3.5], "texture": "#0"},
				"up": {"uv": [14.5, 3, 14, 2], "texture": "#0"},
				"down": {"uv": [15, 2, 14.5, 3], "texture": "#0"}
			}
		},
		{
			"from": [20, 0, -5],
			"to": [21, 1, -3],
			"faces": {
				"north": {"uv": [14, 4.5, 14.5, 5], "texture": "#0"},
				"east": {"uv": [13, 4.5, 14, 5], "texture": "#0"},
				"south": {"uv": [15.5, 4.5, 16, 5], "texture": "#0"},
				"west": {"uv": [14.5, 4.5, 15.5, 5], "texture": "#0"},
				"up": {"uv": [14.5, 4.5, 14, 3.5], "texture": "#0"},
				"down": {"uv": [15, 3.5, 14.5, 4.5], "texture": "#0"}
			}
		},
		{
			"name": "cube_1",
			"from": [3, 0, 7],
			"to": [4, 1, 10],
			"faces": {
				"north": {"uv": [13.5, 14, 14, 14.5], "texture": "#0"},
				"east": {"uv": [12, 14, 13.5, 14.5], "texture": "#0"},
				"south": {"uv": [15.5, 14, 16, 14.5], "texture": "#0"},
				"west": {"uv": [14, 14, 15.5, 14.5], "texture": "#0"},
				"up": {"uv": [14, 14, 13.5, 12.5], "texture": "#0"},
				"down": {"uv": [14.5, 12.5, 14, 14], "texture": "#0"}
			}
		},
		{
			"name": "cube_2",
			"from": [4, 0, 9],
			"to": [5, 1, 11],
			"faces": {
				"north": {"uv": [13.5, 15.5, 14, 16], "texture": "#0"},
				"east": {"uv": [12.5, 15.5, 13.5, 16], "texture": "#0"},
				"south": {"uv": [15, 15.5, 15.5, 16], "texture": "#0"},
				"west": {"uv": [14, 15.5, 15, 16], "texture": "#0"},
				"up": {"uv": [14, 15.5, 13.5, 14.5], "texture": "#0"},
				"down": {"uv": [14.5, 14.5, 14, 15.5], "texture": "#0"}
			}
		},
		{
			"name": "cube_4",
			"from": [6, 0, 12],
			"to": [9, 1, 13],
			"faces": {
				"north": {"uv": [1, 15.5, 2.5, 16], "texture": "#0"},
				"east": {"uv": [0.5, 15.5, 1, 16], "texture": "#0"},
				"south": {"uv": [3, 15.5, 4.5, 16], "texture": "#0"},
				"west": {"uv": [2.5, 15.5, 3, 16], "texture": "#0"},
				"up": {"uv": [2.5, 15.5, 1, 15], "texture": "#0"},
				"down": {"uv": [4, 15, 2.5, 15.5], "texture": "#0"}
			}
		},
		{
			"from": [8, 0, 13],
			"to": [11, 1, 14],
			"faces": {
				"north": {"uv": [1, 14.5, 2.5, 15], "texture": "#0"},
				"east": {"uv": [0.5, 14.5, 1, 15], "texture": "#0"},
				"south": {"uv": [3, 14.5, 4.5, 15], "texture": "#0"},
				"west": {"uv": [2.5, 14.5, 3, 15], "texture": "#0"},
				"up": {"uv": [2.5, 14.5, 1, 14], "texture": "#0"},
				"down": {"uv": [4, 14, 2.5, 14.5], "texture": "#0"}
			}
		},
		{
			"from": [2, 0, 5],
			"to": [3, 1, 8],
			"faces": {
				"north": {"uv": [13.5, 12, 14, 12.5], "texture": "#0"},
				"east": {"uv": [12, 12, 13.5, 12.5], "texture": "#0"},
				"south": {"uv": [15.5, 12, 16, 12.5], "texture": "#0"},
				"west": {"uv": [14, 12, 15.5, 12.5], "texture": "#0"},
				"up": {"uv": [14, 12, 13.5, 10.5], "texture": "#0"},
				"down": {"uv": [14.5, 10.5, 14, 12], "texture": "#0"}
			}
		},
		{
			"from": [7, 0, 11],
			"to": [8, 1, 12],
			"faces": {
				"north": {"uv": [2.5, 12, 3, 12.5], "texture": "#0"},
				"east": {"uv": [2, 12, 2.5, 12.5], "texture": "#0"},
				"south": {"uv": [3.5, 12, 4, 12.5], "texture": "#0"},
				"west": {"uv": [3, 12, 3.5, 12.5], "texture": "#0"},
				"up": {"uv": [3, 12, 2.5, 11.5], "texture": "#0"},
				"down": {"uv": [3.5, 11.5, 3, 12], "texture": "#0"}
			}
		},
		{
			"from": [4, 0, 8],
			"to": [5, 1, 9],
			"faces": {
				"north": {"uv": [2.5, 12, 3, 12.5], "texture": "#0"},
				"east": {"uv": [2, 12, 2.5, 12.5], "texture": "#0"},
				"south": {"uv": [3.5, 12, 4, 12.5], "texture": "#0"},
				"west": {"uv": [3, 12, 3.5, 12.5], "texture": "#0"},
				"up": {"uv": [3, 12, 2.5, 11.5], "texture": "#0"},
				"down": {"uv": [3.5, 11.5, 3, 12], "texture": "#0"}
			}
		},
		{
			"name": "cube_3",
			"from": [5, 0, 11],
			"to": [7, 1, 12],
			"faces": {
				"north": {"uv": [1, 13.5, 2, 14], "texture": "#0"},
				"east": {"uv": [0.5, 13.5, 1, 14], "texture": "#0"},
				"south": {"uv": [2.5, 13.5, 3.5, 14], "texture": "#0"},
				"west": {"uv": [2, 13.5, 2.5, 14], "texture": "#0"},
				"up": {"uv": [2, 13.5, 1, 13], "texture": "#0"},
				"down": {"uv": [3, 13, 2, 13.5], "texture": "#0"}
			}
		},
		{
			"from": [5, 0, 7],
			"to": [6, 1, 8],
			"faces": {
				"north": {"uv": [2.5, 12, 3, 12.5], "texture": "#0"},
				"east": {"uv": [2, 12, 2.5, 12.5], "texture": "#0"},
				"south": {"uv": [3.5, 12, 4, 12.5], "texture": "#0"},
				"west": {"uv": [3, 12, 3.5, 12.5], "texture": "#0"},
				"up": {"uv": [3, 12, 2.5, 11.5], "texture": "#0"},
				"down": {"uv": [3.5, 11.5, 3, 12], "texture": "#0"}
			}
		},
		{
			"from": [8, 0, 10],
			"to": [9, 1, 11],
			"faces": {
				"north": {"uv": [2.5, 12, 3, 12.5], "texture": "#0"},
				"east": {"uv": [2, 12, 2.5, 12.5], "texture": "#0"},
				"south": {"uv": [3.5, 12, 4, 12.5], "texture": "#0"},
				"west": {"uv": [3, 12, 3.5, 12.5], "texture": "#0"},
				"up": {"uv": [3, 12, 2.5, 11.5], "texture": "#0"},
				"down": {"uv": [3.5, 11.5, 3, 12], "texture": "#0"}
			}
		},
		{
			"name": "cube_2",
			"from": [-1, 0, 15],
			"to": [1, 1, 17],
			"faces": {
				"north": {"uv": [8.5, 13, 9.5, 13.5], "texture": "#0"},
				"east": {"uv": [7.5, 13, 8.5, 13.5], "texture": "#0"},
				"south": {"uv": [10.5, 13, 11.5, 13.5], "texture": "#0"},
				"west": {"uv": [9.5, 13, 10.5, 13.5], "texture": "#0"},
				"up": {"uv": [9.5, 13, 8.5, 12], "texture": "#0"},
				"down": {"uv": [10.5, 12, 9.5, 13], "texture": "#0"}
			}
		},
		{
			"name": "cube_1",
			"from": [-2, 0, 16],
			"to": [-1, 1, 17],
			"faces": {
				"north": {"uv": [2.5, 9, 3, 9.5], "texture": "#0"},
				"east": {"uv": [2, 9, 2.5, 9.5], "texture": "#0"},
				"south": {"uv": [3.5, 9, 4, 9.5], "texture": "#0"},
				"west": {"uv": [3, 9, 3.5, 9.5], "texture": "#0"},
				"up": {"uv": [3, 9, 2.5, 8.5], "texture": "#0"},
				"down": {"uv": [3.5, 8.5, 3, 9], "texture": "#0"}
			}
		},
		{
			"name": "cube_1",
			"from": [-1, 0, 17],
			"to": [0, 1, 18],
			"faces": {
				"north": {"uv": [2.5, 9, 3, 9.5], "texture": "#0"},
				"east": {"uv": [2, 9, 2.5, 9.5], "texture": "#0"},
				"south": {"uv": [3.5, 9, 4, 9.5], "texture": "#0"},
				"west": {"uv": [3, 9, 3.5, 9.5], "texture": "#0"},
				"up": {"uv": [3, 9, 2.5, 8.5], "texture": "#0"},
				"down": {"uv": [3.5, 8.5, 3, 9], "texture": "#0"}
			}
		}
	],
	"gui_light": "front",
	"display": {
		"thirdperson_righthand": {
			"rotation": [50, 0, 90],
			"translation": [-7.25, 6.5, 1]
		},
		"thirdperson_lefthand": {
			"rotation": [50, 0, -90],
			"translation": [7.75, 6.5, 1]
		},
		"firstperson_righthand": {
			"rotation": [60, 0, 90],
			"translation": [-2, 2.25, -4.5]
		},
		"firstperson_lefthand": {
			"rotation": [60, 0, -90],
			"translation": [13, 2.25, -4.5]
		},
		"ground": {
			"rotation": [90, 0, 0],
			"translation": [0, 3, 0]
		},
		"gui": {
			"rotation": [90, 0, 0]
		},
		"fixed": {
			"rotation": [90, 90, 0],
			"translation": [0, -0.75, 7.25]
		}
	},
	"groups": [
		{
			"name": "blade",
			"origin": [8, 8, 8],
			"color": 0,
			"nbt": "{}",
			"children": [0, 1, 2, 3, 4, 5, 6, 7, 8, 9, 10, 11, 12, 13, 14, 15, 16, 17, 18, 19, 20]
		},
		{
			"name": "hilt",
			"origin": [8, 8, 8],
			"color": 0,
			"nbt": "{}",
			"children": [21, 22, 23, 24, 25, 26, 27, 28, 29, 30]
		},
		{
			"name": "handle",
			"origin": [8, 8, 8],
			"color": 0,
			"nbt": "{}",
			"children": []
		},
		{
			"name": "pommel",
			"origin": [8, 8, 8],
			"color": 0,
			"nbt": "{}",
			"children": [31, 32, 33]
		}
	]
}