{
	"credit": "Made with Blockbench",
	"texture_size": [32, 32],
	"textures": {
		"0": "odyssey:item/weapons/scythe_texture",
		"particle": "odyssey:item/weapons/scythe_texture"
	},
	"elements": [
		{
			"name": "cube_2",
			"from": [3, 0, 11],
			"to": [4, 1, 14],
			"faces": {
				"north": {"uv": [5, 2, 5.5, 2.5], "texture": "#0"},
				"east": {"uv": [3.5, 2, 5, 2.5], "texture": "#0"},
				"south": {"uv": [7, 2, 7.5, 2.5], "texture": "#0"},
				"west": {"uv": [5.5, 2, 7, 2.5], "texture": "#0"},
				"up": {"uv": [5.5, 2, 5, 0.5], "texture": "#0"},
				"down": {"uv": [6, 0.5, 5.5, 2], "texture": "#0"}
			}
		},
		{
			"name": "cube_2",
			"from": [1, 0, 13],
			"to": [2, 1, 16],
			"faces": {
				"north": {"uv": [5, 2, 5.5, 2.5], "texture": "#0"},
				"east": {"uv": [3.5, 2, 5, 2.5], "texture": "#0"},
				"south": {"uv": [7, 2, 7.5, 2.5], "texture": "#0"},
				"west": {"uv": [5.5, 2, 7, 2.5], "texture": "#0"},
				"up": {"uv": [5.5, 2, 5, 0.5], "texture": "#0"},
				"down": {"uv": [6, 0.5, 5.5, 2], "texture": "#0"}
			}
		},
		{
			"name": "cube_2",
			"from": [0, 0, 14],
			"to": [1, 1, 17],
			"faces": {
				"north": {"uv": [5, 2, 5.5, 2.5], "texture": "#0"},
				"east": {"uv": [3.5, 2, 5, 2.5], "texture": "#0"},
				"south": {"uv": [7, 2, 7.5, 2.5], "texture": "#0"},
				"west": {"uv": [5.5, 2, 7, 2.5], "texture": "#0"},
				"up": {"uv": [5.5, 2, 5, 0.5], "texture": "#0"},
				"down": {"uv": [6, 0.5, 5.5, 2], "texture": "#0"}
			}
		},
		{
			"name": "cube_2",
			"from": [-2, 0, 16],
			"to": [-1, 1, 19],
			"faces": {
				"north": {"uv": [5, 2, 5.5, 2.5], "texture": "#0"},
				"east": {"uv": [3.5, 2, 5, 2.5], "texture": "#0"},
				"south": {"uv": [7, 2, 7.5, 2.5], "texture": "#0"},
				"west": {"uv": [5.5, 2, 7, 2.5], "texture": "#0"},
				"up": {"uv": [5.5, 2, 5, 0.5], "texture": "#0"},
				"down": {"uv": [6, 0.5, 5.5, 2], "texture": "#0"}
			}
		},
		{
			"name": "cube_2",
			"from": [-1, 0, 15],
			"to": [0, 1, 18],
			"faces": {
				"north": {"uv": [5, 2, 5.5, 2.5], "texture": "#0"},
				"east": {"uv": [3.5, 2, 5, 2.5], "texture": "#0"},
				"south": {"uv": [7, 2, 7.5, 2.5], "texture": "#0"},
				"west": {"uv": [5.5, 2, 7, 2.5], "texture": "#0"},
				"up": {"uv": [5.5, 2, 5, 0.5], "texture": "#0"},
				"down": {"uv": [6, 0.5, 5.5, 2], "texture": "#0"}
			}
		},
		{
			"name": "cube_2",
			"from": [9, 0, 5],
			"to": [10, 1, 8],
			"faces": {
				"north": {"uv": [5, 2, 5.5, 2.5], "texture": "#0"},
				"east": {"uv": [3.5, 2, 5, 2.5], "texture": "#0"},
				"south": {"uv": [7, 2, 7.5, 2.5], "texture": "#0"},
				"west": {"uv": [5.5, 2, 7, 2.5], "texture": "#0"},
				"up": {"uv": [5.5, 2, 5, 0.5], "texture": "#0"},
				"down": {"uv": [6, 0.5, 5.5, 2], "texture": "#0"}
			}
		},
		{
			"name": "cube_2",
			"from": [7, 0, 7],
			"to": [8, 1, 10],
			"faces": {
				"north": {"uv": [5, 2, 5.5, 2.5], "texture": "#0"},
				"east": {"uv": [3.5, 2, 5, 2.5], "texture": "#0"},
				"south": {"uv": [7, 2, 7.5, 2.5], "texture": "#0"},
				"west": {"uv": [5.5, 2, 7, 2.5], "texture": "#0"},
				"up": {"uv": [5.5, 2, 5, 0.5], "texture": "#0"},
				"down": {"uv": [6, 0.5, 5.5, 2], "texture": "#0"}
			}
		},
		{
			"name": "cube_2",
			"from": [5, 0, 9],
			"to": [6, 1, 12],
			"faces": {
				"north": {"uv": [5, 2, 5.5, 2.5], "texture": "#0"},
				"east": {"uv": [3.5, 2, 5, 2.5], "texture": "#0"},
				"south": {"uv": [7, 2, 7.5, 2.5], "texture": "#0"},
				"west": {"uv": [5.5, 2, 7, 2.5], "texture": "#0"},
				"up": {"uv": [5.5, 2, 5, 0.5], "texture": "#0"},
				"down": {"uv": [6, 0.5, 5.5, 2], "texture": "#0"}
			}
		},
		{
			"name": "cube_2",
			"from": [6, 0, 8],
			"to": [7, 1, 11],
			"faces": {
				"north": {"uv": [5, 2, 5.5, 2.5], "texture": "#0"},
				"east": {"uv": [3.5, 2, 5, 2.5], "texture": "#0"},
				"south": {"uv": [7, 2, 7.5, 2.5], "texture": "#0"},
				"west": {"uv": [5.5, 2, 7, 2.5], "texture": "#0"},
				"up": {"uv": [5.5, 2, 5, 0.5], "texture": "#0"},
				"down": {"uv": [6, 0.5, 5.5, 2], "texture": "#0"}
			}
		},
		{
			"name": "cube_2",
			"from": [4, 0, 10],
			"to": [5, 1, 13],
			"faces": {
				"north": {"uv": [5, 2, 5.5, 2.5], "texture": "#0"},
				"east": {"uv": [3.5, 2, 5, 2.5], "texture": "#0"},
				"south": {"uv": [7, 2, 7.5, 2.5], "texture": "#0"},
				"west": {"uv": [5.5, 2, 7, 2.5], "texture": "#0"},
				"up": {"uv": [5.5, 2, 5, 0.5], "texture": "#0"},
				"down": {"uv": [6, 0.5, 5.5, 2], "texture": "#0"}
			}
		},
		{
			"name": "cube_2",
			"from": [8, 0, 6],
			"to": [9, 1, 9],
			"faces": {
				"north": {"uv": [5, 2, 5.5, 2.5], "texture": "#0"},
				"east": {"uv": [3.5, 2, 5, 2.5], "texture": "#0"},
				"south": {"uv": [7, 2, 7.5, 2.5], "texture": "#0"},
				"west": {"uv": [5.5, 2, 7, 2.5], "texture": "#0"},
				"up": {"uv": [5.5, 2, 5, 0.5], "texture": "#0"},
				"down": {"uv": [6, 0.5, 5.5, 2], "texture": "#0"}
			}
		},
		{
			"name": "cube_2",
			"from": [10, 0, 4],
			"to": [11, 1, 7],
			"faces": {
				"north": {"uv": [5, 2, 5.5, 2.5], "texture": "#0"},
				"east": {"uv": [3.5, 2, 5, 2.5], "texture": "#0"},
				"south": {"uv": [7, 2, 7.5, 2.5], "texture": "#0"},
				"west": {"uv": [5.5, 2, 7, 2.5], "texture": "#0"},
				"up": {"uv": [5.5, 2, 5, 0.5], "texture": "#0"},
				"down": {"uv": [6, 0.5, 5.5, 2], "texture": "#0"}
			}
		},
		{
			"name": "cube_2",
			"from": [15, 0, 1],
			"to": [16, 1, 2],
			"faces": {
				"north": {"uv": [5, 4.5, 5.5, 5], "texture": "#0"},
				"east": {"uv": [4.5, 4.5, 5, 5], "texture": "#0"},
				"south": {"uv": [6, 4.5, 6.5, 5], "texture": "#0"},
				"west": {"uv": [5.5, 4.5, 6, 5], "texture": "#0"},
				"up": {"uv": [5.5, 4.5, 5, 4], "texture": "#0"},
				"down": {"uv": [6, 4, 5.5, 4.5], "texture": "#0"}
			}
		},
		{
			"name": "cube_2",
			"from": [20, 0, -5],
			"to": [21, 1, -3],
			"faces": {
				"north": {"uv": [5, 9, 5.5, 9.5], "texture": "#0"},
				"east": {"uv": [4, 9, 5, 9.5], "texture": "#0"},
				"south": {"uv": [6.5, 9, 7, 9.5], "texture": "#0"},
				"west": {"uv": [5.5, 9, 6.5, 9.5], "texture": "#0"},
				"up": {"uv": [5.5, 9, 5, 8], "texture": "#0"},
				"down": {"uv": [6, 8, 5.5, 9], "texture": "#0"}
			}
		},
		{
			"name": "cube_2",
			"from": [13, 0, 1],
			"to": [14, 1, 4],
			"faces": {
				"north": {"uv": [5, 2, 5.5, 2.5], "texture": "#0"},
				"east": {"uv": [3.5, 2, 5, 2.5], "texture": "#0"},
				"south": {"uv": [7, 2, 7.5, 2.5], "texture": "#0"},
				"west": {"uv": [5.5, 2, 7, 2.5], "texture": "#0"},
				"up": {"uv": [5.5, 2, 5, 0.5], "texture": "#0"},
				"down": {"uv": [6, 0.5, 5.5, 2], "texture": "#0"}
			}
		},
		{
			"name": "cube_2",
			"from": [12, 0, 2],
			"to": [13, 1, 5],
			"faces": {
				"north": {"uv": [5, 2, 5.5, 2.5], "texture": "#0"},
				"east": {"uv": [3.5, 2, 5, 2.5], "texture": "#0"},
				"south": {"uv": [7, 2, 7.5, 2.5], "texture": "#0"},
				"west": {"uv": [5.5, 2, 7, 2.5], "texture": "#0"},
				"up": {"uv": [5.5, 2, 5, 0.5], "texture": "#0"},
				"down": {"uv": [6, 0.5, 5.5, 2], "texture": "#0"}
			}
		},
		{
			"name": "cube_2",
			"from": [11, 0, 3],
			"to": [12, 1, 6],
			"faces": {
				"north": {"uv": [5, 2, 5.5, 2.5], "texture": "#0"},
				"east": {"uv": [3.5, 2, 5, 2.5], "texture": "#0"},
				"south": {"uv": [7, 2, 7.5, 2.5], "texture": "#0"},
				"west": {"uv": [5.5, 2, 7, 2.5], "texture": "#0"},
				"up": {"uv": [5.5, 2, 5, 0.5], "texture": "#0"},
				"down": {"uv": [6, 0.5, 5.5, 2], "texture": "#0"}
			}
		},
		{
			"name": "cube_2",
			"from": [14, 0, 0],
			"to": [15, 1, 3],
			"faces": {
				"north": {"uv": [5, 2, 5.5, 2.5], "texture": "#0"},
				"east": {"uv": [3.5, 2, 5, 2.5], "texture": "#0"},
				"south": {"uv": [7, 2, 7.5, 2.5], "texture": "#0"},
				"west": {"uv": [5.5, 2, 7, 2.5], "texture": "#0"},
				"up": {"uv": [5.5, 2, 5, 0.5], "texture": "#0"},
				"down": {"uv": [6, 0.5, 5.5, 2], "texture": "#0"}
			}
		},
		{
			"name": "cube_2",
			"from": [2, 0, 12],
			"to": [3, 1, 15],
			"faces": {
				"north": {"uv": [5, 2, 5.5, 2.5], "texture": "#0"},
				"east": {"uv": [3.5, 2, 5, 2.5], "texture": "#0"},
				"south": {"uv": [7, 2, 7.5, 2.5], "texture": "#0"},
				"west": {"uv": [5.5, 2, 7, 2.5], "texture": "#0"},
				"up": {"uv": [5.5, 2, 5, 0.5], "texture": "#0"},
				"down": {"uv": [6, 0.5, 5.5, 2], "texture": "#0"}
			}
		},
		{
			"name": "cube_2",
			"from": [-3, 0, 17],
			"to": [-2, 1, 20],
			"faces": {
				"north": {"uv": [5, 2, 5.5, 2.5], "texture": "#0"},
				"east": {"uv": [3.5, 2, 5, 2.5], "texture": "#0"},
				"south": {"uv": [7, 2, 7.5, 2.5], "texture": "#0"},
				"west": {"uv": [5.5, 2, 7, 2.5], "texture": "#0"},
				"up": {"uv": [5.5, 2, 5, 0.5], "texture": "#0"},
				"down": {"uv": [6, 0.5, 5.5, 2], "texture": "#0"}
			}
		},
		{
			"name": "cube_2",
			"from": [-4, 0, 18],
			"to": [-3, 1, 19],
			"faces": {
				"north": {"uv": [5, 2, 5.5, 2.5], "texture": "#0"},
				"east": {"uv": [4.5, 2, 5, 2.5], "texture": "#0"},
				"south": {"uv": [6, 2, 6.5, 2.5], "texture": "#0"},
				"west": {"uv": [5.5, 2, 6, 2.5], "texture": "#0"},
				"up": {"uv": [5.5, 2, 5, 1.5], "texture": "#0"},
				"down": {"uv": [6, 1.5, 5.5, 2], "texture": "#0"}
			}
		},
		{
			"name": "cube_2",
			"from": [19, 0, -5],
			"to": [20, 1, -4],
			"faces": {
				"north": {"uv": [5, 2, 5.5, 2.5], "texture": "#0"},
				"east": {"uv": [4.5, 2, 5, 2.5], "texture": "#0"},
				"south": {"uv": [6, 2, 6.5, 2.5], "texture": "#0"},
				"west": {"uv": [5.5, 2, 6, 2.5], "texture": "#0"},
				"up": {"uv": [5.5, 2, 5, 1.5], "texture": "#0"},
				"down": {"uv": [6, 1.5, 5.5, 2], "texture": "#0"}
			}
		},
		{
			"from": [15, 0, -1],
			"to": [16, 1, 1],
			"faces": {
				"north": {"uv": [1, 6.5, 1.5, 7], "texture": "#0"},
				"east": {"uv": [0, 6.5, 1, 7], "texture": "#0"},
				"south": {"uv": [2.5, 6.5, 3, 7], "texture": "#0"},
				"west": {"uv": [1.5, 6.5, 2.5, 7], "texture": "#0"},
				"up": {"uv": [1.5, 6.5, 1, 5.5], "texture": "#0"},
				"down": {"uv": [2, 5.5, 1.5, 6.5], "texture": "#0"}
			}
		},
		{
			"from": [16, 0, -2],
			"to": [17, 1, 0],
			"faces": {
				"north": {"uv": [1, 6.5, 1.5, 7], "texture": "#0"},
				"east": {"uv": [0, 6.5, 1, 7], "texture": "#0"},
				"south": {"uv": [2.5, 6.5, 3, 7], "texture": "#0"},
				"west": {"uv": [1.5, 6.5, 2.5, 7], "texture": "#0"},
				"up": {"uv": [1.5, 6.5, 1, 5.5], "texture": "#0"},
				"down": {"uv": [2, 5.5, 1.5, 6.5], "texture": "#0"}
			}
		},
		{
			"from": [18, 0, -2],
			"to": [19, 1, -1],
			"faces": {
				"north": {"uv": [0.5, 2.5, 1, 3], "texture": "#0"},
				"east": {"uv": [0, 2.5, 0.5, 3], "texture": "#0"},
				"south": {"uv": [1.5, 2.5, 2, 3], "texture": "#0"},
				"west": {"uv": [1, 2.5, 1.5, 3], "texture": "#0"},
				"up": {"uv": [1, 2.5, 0.5, 2], "texture": "#0"},
				"down": {"uv": [1.5, 2, 1, 2.5], "texture": "#0"}
			}
		},
		{
			"from": [17, 0, -3],
			"to": [18, 1, -1],
			"faces": {
				"north": {"uv": [1, 6.5, 1.5, 7], "texture": "#0"},
				"east": {"uv": [0, 6.5, 1, 7], "texture": "#0"},
				"south": {"uv": [2.5, 6.5, 3, 7], "texture": "#0"},
				"west": {"uv": [1.5, 6.5, 2.5, 7], "texture": "#0"},
				"up": {"uv": [1.5, 6.5, 1, 5.5], "texture": "#0"},
				"down": {"uv": [2, 5.5, 1.5, 6.5], "texture": "#0"}
			}
		},
		{
			"from": [19, 0, -3],
			"to": [20, 1, -2],
			"faces": {
				"north": {"uv": [0.5, 2.5, 1, 3], "texture": "#0"},
				"east": {"uv": [0, 2.5, 0.5, 3], "texture": "#0"},
				"south": {"uv": [1.5, 2.5, 2, 3], "texture": "#0"},
				"west": {"uv": [1, 2.5, 1.5, 3], "texture": "#0"},
				"up": {"uv": [1, 2.5, 0.5, 2], "texture": "#0"},
				"down": {"uv": [1.5, 2, 1, 2.5], "texture": "#0"}
			}
		},
		{
			"from": [18, 0, -4],
			"to": [19, 1, -2],
			"faces": {
				"north": {"uv": [1, 6.5, 1.5, 7], "texture": "#0"},
				"east": {"uv": [0, 6.5, 1, 7], "texture": "#0"},
				"south": {"uv": [2.5, 6.5, 3, 7], "texture": "#0"},
				"west": {"uv": [1.5, 6.5, 2.5, 7], "texture": "#0"},
				"up": {"uv": [1.5, 6.5, 1, 5.5], "texture": "#0"},
				"down": {"uv": [2, 5.5, 1.5, 6.5], "texture": "#0"}
			}
		},
		{
			"from": [16, 0, 0],
			"to": [17, 1, 1],
			"faces": {
				"north": {"uv": [0.5, 2.5, 1, 3], "texture": "#0"},
				"east": {"uv": [0, 2.5, 0.5, 3], "texture": "#0"},
				"south": {"uv": [1.5, 2.5, 2, 3], "texture": "#0"},
				"west": {"uv": [1, 2.5, 1.5, 3], "texture": "#0"},
				"up": {"uv": [1, 2.5, 0.5, 2], "texture": "#0"},
				"down": {"uv": [1.5, 2, 1, 2.5], "texture": "#0"}
			}
		},
		{
			"from": [17, 0, -1],
			"to": [18, 1, 0],
			"faces": {
				"north": {"uv": [0.5, 2.5, 1, 3], "texture": "#0"},
				"east": {"uv": [0, 2.5, 0.5, 3], "texture": "#0"},
				"south": {"uv": [1.5, 2.5, 2, 3], "texture": "#0"},
				"west": {"uv": [1, 2.5, 1.5, 3], "texture": "#0"},
				"up": {"uv": [1, 2.5, 0.5, 2], "texture": "#0"},
				"down": {"uv": [1.5, 2, 1, 2.5], "texture": "#0"}
			}
		},
		{
			"from": [14, 0, -8],
			"to": [15, 1, -4],
			"faces": {
				"north": {"uv": [13, 5.5, 13.5, 6], "texture": "#0"},
				"east": {"uv": [11, 5.5, 13, 6], "texture": "#0"},
				"south": {"uv": [15.5, 5.5, 16, 6], "texture": "#0"},
				"west": {"uv": [13.5, 5.5, 15.5, 6], "texture": "#0"},
				"up": {"uv": [13.5, 5.5, 13, 3.5], "texture": "#0"},
				"down": {"uv": [14, 3.5, 13.5, 5.5], "texture": "#0"}
			}
		},
		{
			"from": [13, 0, -8],
			"to": [14, 1, -5],
			"faces": {
				"north": {"uv": [13.5, 15.5, 14, 16], "texture": "#0"},
				"east": {"uv": [12, 15.5, 13.5, 16], "texture": "#0"},
				"south": {"uv": [15.5, 15.5, 16, 16], "texture": "#0"},
				"west": {"uv": [14, 15.5, 15.5, 16], "texture": "#0"},
				"up": {"uv": [14, 15.5, 13.5, 14], "texture": "#0"},
				"down": {"uv": [14.5, 14, 14, 15.5], "texture": "#0"}
			}
		},
		{
			"from": [17, 0, -5],
			"to": [18, 1, -3],
			"faces": {
				"north": {"uv": [13.5, 9.5, 14, 10], "texture": "#0"},
				"east": {"uv": [12.5, 9.5, 13.5, 10], "texture": "#0"},
				"south": {"uv": [15, 9.5, 15.5, 10], "texture": "#0"},
				"west": {"uv": [14, 9.5, 15, 10], "texture": "#0"},
				"up": {"uv": [14, 9.5, 13.5, 8.5], "texture": "#0"},
				"down": {"uv": [14.5, 8.5, 14, 9.5], "texture": "#0"}
			}
		},
		{
			"from": [12, 0, -9],
			"to": [13, 1, -6],
			"faces": {
				"north": {"uv": [13.5, 15.5, 14, 16], "texture": "#0"},
				"east": {"uv": [12, 15.5, 13.5, 16], "texture": "#0"},
				"south": {"uv": [15.5, 15.5, 16, 16], "texture": "#0"},
				"west": {"uv": [14, 15.5, 15.5, 16], "texture": "#0"},
				"up": {"uv": [14, 15.5, 13.5, 14], "texture": "#0"},
				"down": {"uv": [14.5, 14, 14, 15.5], "texture": "#0"}
			}
		},
		{
			"from": [16, 0, -6],
			"to": [17, 1, -2],
			"faces": {
				"north": {"uv": [12, 13.5, 12.5, 14], "texture": "#0"},
				"east": {"uv": [10, 13.5, 12, 14], "texture": "#0"},
				"south": {"uv": [14.5, 13.5, 15, 14], "texture": "#0"},
				"west": {"uv": [12.5, 13.5, 14.5, 14], "texture": "#0"},
				"up": {"uv": [12.5, 13.5, 12, 11.5], "texture": "#0"},
				"down": {"uv": [13, 11.5, 12.5, 13.5], "texture": "#0"}
			}
		},
		{
			"from": [15, 0, -7],
			"to": [16, 1, -3],
			"faces": {
				"north": {"uv": [13, 5.5, 13.5, 6], "texture": "#0"},
				"east": {"uv": [11, 5.5, 13, 6], "texture": "#0"},
				"south": {"uv": [15.5, 5.5, 16, 6], "texture": "#0"},
				"west": {"uv": [13.5, 5.5, 15.5, 6], "texture": "#0"},
				"up": {"uv": [13.5, 5.5, 13, 3.5], "texture": "#0"},
				"down": {"uv": [14, 3.5, 13.5, 5.5], "texture": "#0"}
			}
		},
		{
			"from": [9, 0, -8],
			"to": [12, 1, -7],
			"faces": {
				"north": {"uv": [8.5, 15.5, 10, 16], "texture": "#0"},
				"east": {"uv": [8, 15.5, 8.5, 16], "texture": "#0"},
				"south": {"uv": [10.5, 15.5, 12, 16], "texture": "#0"},
				"west": {"uv": [10, 15.5, 10.5, 16], "texture": "#0"},
				"up": {"uv": [10, 15.5, 8.5, 15], "texture": "#0"},
				"down": {"uv": [11.5, 15, 10, 15.5], "texture": "#0"}
			}
		},
		{
			"from": [9, 0, -9],
			"to": [12, 1, -8],
			"faces": {
				"north": {"uv": [8, 14.5, 9.5, 15], "texture": "#0"},
				"east": {"uv": [7.5, 14.5, 8, 15], "texture": "#0"},
				"south": {"uv": [10, 14.5, 11.5, 15], "texture": "#0"},
				"west": {"uv": [9.5, 14.5, 10, 15], "texture": "#0"},
				"up": {"uv": [9.5, 14.5, 8, 14], "texture": "#0"},
				"down": {"uv": [11, 14, 9.5, 14.5], "texture": "#0"}
			}
		},
		{
			"from": [5, 0, -10],
			"to": [10, 1, -9],
			"faces": {
				"north": {"uv": [2, 14.5, 4.5, 15], "texture": "#0"},
				"east": {"uv": [1.5, 14.5, 2, 15], "texture": "#0"},
				"south": {"uv": [5, 14.5, 7.5, 15], "texture": "#0"},
				"west": {"uv": [4.5, 14.5, 5, 15], "texture": "#0"},
				"up": {"uv": [4.5, 14.5, 2, 14], "texture": "#0"},
				"down": {"uv": [7, 14, 4.5, 14.5], "texture": "#0"}
			}
		},
		{
			"from": [3, 0, -9],
			"to": [9, 1, -8],
			"faces": {
				"north": {"uv": [1.5, 15.5, 4.5, 16], "texture": "#0"},
				"east": {"uv": [1, 15.5, 1.5, 16], "texture": "#0"},
				"south": {"uv": [5, 15.5, 8, 16], "texture": "#0"},
				"west": {"uv": [4.5, 15.5, 5, 16], "texture": "#0"},
				"up": {"uv": [4.5, 15.5, 1.5, 15], "texture": "#0"},
				"down": {"uv": [7.5, 15, 4.5, 15.5], "texture": "#0"}
			}
		},
		{
			"from": [19, 0, -4],
			"to": [20, 1, -3],
			"faces": {
				"north": {"uv": [5, 6.5, 5.5, 7], "texture": "#0"},
				"east": {"uv": [4.5, 6.5, 5, 7], "texture": "#0"},
				"south": {"uv": [6, 6.5, 6.5, 7], "texture": "#0"},
				"west": {"uv": [5.5, 6.5, 6, 7], "texture": "#0"},
				"up": {"uv": [5.5, 6.5, 5, 6], "texture": "#0"},
				"down": {"uv": [6, 6, 5.5, 6.5], "texture": "#0"}
			}
		}
	],
	"gui_light": "front",
	"display": {
		"thirdperson_righthand": {
			"rotation": [52, 0, 90],
			"translation": [-7.25, -2, 0.75]
		},
		"thirdperson_lefthand": {
			"rotation": [98, 0, -90],
			"translation": [7.75, -0.5, 1.5]
		},
		"firstperson_righthand": {
			"rotation": [57, 5, 91],
			"translation": [-2.5, 1, -1.75],
			"scale": [0.96, 0.96, 0.96]
		},
		"firstperson_lefthand": {
			"rotation": [62, 5, -91],
			"translation": [10.5, 1, -1.75],
			"scale": [0.96, 0.96, 0.96]
		},
		"ground": {
			"rotation": [0, 0, 90],
			"translation": [-8, 4.25, 0],
			"scale": [0.78, 0.78, 0.77]
		},
		"gui": {
			"rotation": [90, 0, 0],
			"translation": [-1, -0.75, 0]
		},
		"head": {
			"rotation": [0, 0, -90],
			"translation": [7.5, 12.75, 7.25]
		},
		"fixed": {
			"rotation": [90, 90, 0],
			"translation": [1, -1.5, 8.25],
			"scale": [1.2, 1.2, 1.2]
		}
	},
	"groups": [
		{
			"name": "Shaft",
			"origin": [0, 0, 0],
			"color": 0,
			"nbt": "{}",
			"children": [0, 1, 2, 3, 4, 5, 6, 7, 8, 9, 10, 11, 12, 13, 14, 15, 16, 17, 18, 19, 20, 21]
		},
		{
			"name": "Head",
			"origin": [8, 8, 8],
			"color": 0,
			"nbt": "{}",
			"children": [22, 23, 24, 25, 26, 27, 28, 29, 30, 31, 32, 33, 34, 35, 36, 37, 38, 39, 40]
		}
	]
}