{
	"credit": "Made with Blockbench",
	"texture_size": [32, 32],
	"textures": {
		"0": "foliage/violet_texture",
		"particle": "foliage/violet_texture"
	},
	"elements": [
		{
			"from": [5, 2, 5],
			"to": [11, 2, 11],
			"faces": {
				"north": {"uv": [3, 3, 6, 3], "texture": "#0"},
				"east": {"uv": [0, 3, 3, 3], "texture": "#0"},
				"south": {"uv": [9, 3, 12, 3], "texture": "#0"},
				"west": {"uv": [6, 3, 9, 3], "texture": "#0"},
				"up": {"uv": [6, 3, 3, 0], "texture": "#0"},
				"down": {"uv": [9, 0, 6, 3], "texture": "#0"}
			}
		},
		{
			"from": [8, 0, 7],
			"to": [8, 2, 9],
			"rotation": {"angle": 45, "axis": "y", "origin": [8, 1, 8]},
			"faces": {
				"north": {"uv": [1, 7, 1, 8], "texture": "#0"},
				"east": {"uv": [0, 7, 1, 8], "texture": "#0"},
				"south": {"uv": [2, 7, 2, 8], "texture": "#0"},
				"west": {"uv": [1, 7, 2, 8], "texture": "#0"},
				"up": {"uv": [1, 7, 1, 6], "texture": "#0"},
				"down": {"uv": [1, 6, 1, 7], "texture": "#0"}
			}
		},
		{
			"from": [7, 0, 8],
			"to": [9, 2, 8],
			"rotation": {"angle": 45, "axis": "y", "origin": [8, 1, 8]},
			"faces": {
				"north": {"uv": [6, 7, 7, 8], "texture": "#0"},
				"east": {"uv": [6, 7, 6, 8], "texture": "#0"},
				"south": {"uv": [7, 7, 8, 8], "texture": "#0"},
				"west": {"uv": [7, 7, 7, 8], "texture": "#0"},
				"up": {"uv": [7, 7, 6, 7], "texture": "#0"},
				"down": {"uv": [8, 7, 7, 7], "texture": "#0"}
			}
		}
	]
}