{
  "parent": "minecraft:item/generated",
  "textures": {
    "layer0": "minecraft:item/cookie"
  },
  "overrides": [
    { "predicate": {"custom_model_data": 6905040}, "model": "odyssey/cookies/apple_cookie"},
    { "predicate": {"custom_model_data": 6905041}, "model": "odyssey/cookies/beetroot_cookie"},
    { "predicate": {"custom_model_data": 6905042}, "model": "odyssey/cookies/pumpkin_cookie"},
    { "predicate": {"custom_model_data": 6905043}, "model": "odyssey/cookies/honey_cookie"},
    { "predicate": {"custom_model_data": 6905044}, "model": "odyssey/cookies/berry_cookie"},
    { "predicate": {"custom_model_data": 6905045}, "model": "odyssey/cookies/glowberry_cookie"},
    { "predicate": {"custom_model_data": 6905046}, "model": "odyssey/cookies/melon_cookie"},
    { "predicate": {"custom_model_data": 6905047}, "model": "odyssey/cookies/sugar_cookie"},
    { "predicate": {"custom_model_data": 6905048}, "model": "odyssey/cookies/golden_cookie"}
  ]
}