{
  "parent": "minecraft:item/handheld",
  "textures": {
    "layer0": "minecraft:item/golden_sword"
  },
  "overrides": [
    { "predicate": {"custom_model_data": 6905744}, "model": "odyssey/weapons/golden_katana"},
    { "predicate": {"custom_model_data": 6905745}, "model": "odyssey/weapons/golden_claymore"},
    { "predicate": {"custom_model_data": 6905746}, "model": "odyssey/weapons/golden_dagger"},
    { "predicate": {"custom_model_data": 6905747}, "model": "odyssey/weapons/golden_rapier"}
  ]
}