{
    "parent": "item/generated",
    "textures": {
        "layer0": "item/potion_overlay",
        "layer1": "item/lingering_potion"
    },
    "overrides": [
        { "predicate": {"custom_model_data": 6905310}, "model": "odyssey:item/misc/conical_lingering_potion"},
        { "predicate": {"custom_model_data": 6905315}, "model": "odyssey:item/misc/square_lingering_potion"},
        { "predicate": {"custom_model_data": 6905316}, "model": "odyssey:item/misc/volumetric_lingering_potion"},
        { "predicate": {"custom_model_data": 6905317}, "model": "odyssey:item/misc/pearshape_lingering_potion"},
        { "predicate": {"custom_model_data": 6905319}, "model": "odyssey:item/misc/round_lingering_potion"}
    ]
}
