{
  "parent": "minecraft:item/handheld",
  "textures": {
    "layer0": "minecraft:item/stone_sword"
  },
  "overrides": [
    { "predicate": {"custom_model_data": 6905744}, "model": "odyssey/weapons/stone_katana"},
    { "predicate": {"custom_model_data": 6905745}, "model": "odyssey/weapons/stone_claymore"},
    { "predicate": {"custom_model_data": 6905746}, "model": "odyssey/weapons/stone_dagger"},
    { "predicate": {"custom_model_data": 6905747}, "model": "odyssey/weapons/stone_rapier"},
    { "predicate": {"custom_model_data": 6905748}, "model": "odyssey/weapons/stone_cutlass"},
    { "predicate": {"custom_model_data": 6905749}, "model": "odyssey/weapons/stone_saber"}
  ]
}