{
	"credit": "Made by ShadowAlzazel with Blockbench",
	"texture_size": [32, 32],
	"textures": {
		"0": "weapons/abzu_blade",
		"particle": "weapons/abzu_blade"
	},
	"elements": [
		{
			"name": "cube_1",
			"from": [-1, 0, 17],
			"to": [0, 1, 18],
			"faces": {
				"north": {"uv": [0.5, 3.5, 1, 4], "texture": "#0"},
				"east": {"uv": [0, 3.5, 0.5, 4], "texture": "#0"},
				"south": {"uv": [1.5, 3.5, 2, 4], "texture": "#0"},
				"west": {"uv": [1, 3.5, 1.5, 4], "texture": "#0"},
				"up": {"uv": [1, 3.5, 0.5, 3], "texture": "#0"},
				"down": {"uv": [1.5, 3, 1, 3.5], "texture": "#0"}
			}
		},
		{
			"name": "cube_1",
			"from": [-2, 0, 16],
			"to": [-1, 1, 17],
			"faces": {
				"north": {"uv": [0.5, 3.5, 1, 4], "texture": "#0"},
				"east": {"uv": [0, 3.5, 0.5, 4], "texture": "#0"},
				"south": {"uv": [1.5, 3.5, 2, 4], "texture": "#0"},
				"west": {"uv": [1, 3.5, 1.5, 4], "texture": "#0"},
				"up": {"uv": [1, 3.5, 0.5, 3], "texture": "#0"},
				"down": {"uv": [1.5, 3, 1, 3.5], "texture": "#0"}
			}
		},
		{
			"name": "cube_2",
			"from": [-1, 0, 15],
			"to": [1, 1, 17],
			"faces": {
				"north": {"uv": [4, 7.5, 5, 8], "texture": "#0"},
				"east": {"uv": [3, 7.5, 4, 8], "texture": "#0"},
				"south": {"uv": [6, 7.5, 7, 8], "texture": "#0"},
				"west": {"uv": [5, 7.5, 6, 8], "texture": "#0"},
				"up": {"uv": [5, 7.5, 4, 6.5], "texture": "#0"},
				"down": {"uv": [6, 6.5, 5, 7.5], "texture": "#0"}
			}
		},
		{
			"name": "cube_2",
			"from": [3, 0, 11],
			"to": [4, 1, 14],
			"faces": {
				"north": {"uv": [5, 2, 5.5, 2.5], "texture": "#0"},
				"east": {"uv": [3.5, 2, 5, 2.5], "texture": "#0"},
				"south": {"uv": [7, 2, 7.5, 2.5], "texture": "#0"},
				"west": {"uv": [5.5, 2, 7, 2.5], "texture": "#0"},
				"up": {"uv": [5.5, 2, 5, 0.5], "texture": "#0"},
				"down": {"uv": [6, 0.5, 5.5, 2], "texture": "#0"}
			}
		},
		{
			"name": "cube_2",
			"from": [4, 0, 11],
			"to": [5, 1, 13],
			"faces": {
				"north": {"uv": [5, 3.5, 5.5, 4], "texture": "#0"},
				"east": {"uv": [4, 3.5, 5, 4], "texture": "#0"},
				"south": {"uv": [6.5, 3.5, 7, 4], "texture": "#0"},
				"west": {"uv": [5.5, 3.5, 6.5, 4], "texture": "#0"},
				"up": {"uv": [5.5, 3.5, 5, 2.5], "texture": "#0"},
				"down": {"uv": [6, 2.5, 5.5, 3.5], "texture": "#0"}
			}
		},
		{
			"name": "cube_2",
			"from": [2, 0, 12],
			"to": [3, 1, 15],
			"faces": {
				"north": {"uv": [5, 2, 5.5, 2.5], "texture": "#0"},
				"east": {"uv": [3.5, 2, 5, 2.5], "texture": "#0"},
				"south": {"uv": [7, 2, 7.5, 2.5], "texture": "#0"},
				"west": {"uv": [5.5, 2, 7, 2.5], "texture": "#0"},
				"up": {"uv": [5.5, 2, 5, 0.5], "texture": "#0"},
				"down": {"uv": [6, 0.5, 5.5, 2], "texture": "#0"}
			}
		},
		{
			"name": "cube_2",
			"from": [1, 0, 13],
			"to": [2, 1, 16],
			"faces": {
				"north": {"uv": [5, 2, 5.5, 2.5], "texture": "#0"},
				"east": {"uv": [3.5, 2, 5, 2.5], "texture": "#0"},
				"south": {"uv": [7, 2, 7.5, 2.5], "texture": "#0"},
				"west": {"uv": [5.5, 2, 7, 2.5], "texture": "#0"},
				"up": {"uv": [5.5, 2, 5, 0.5], "texture": "#0"},
				"down": {"uv": [6, 0.5, 5.5, 2], "texture": "#0"}
			}
		},
		{
			"name": "cube_2",
			"from": [0, 0, 14],
			"to": [1, 1, 15],
			"faces": {
				"north": {"uv": [5, 2, 5.5, 2.5], "texture": "#0"},
				"east": {"uv": [4.5, 2, 5, 2.5], "texture": "#0"},
				"south": {"uv": [6, 2, 6.5, 2.5], "texture": "#0"},
				"west": {"uv": [5.5, 2, 6, 2.5], "texture": "#0"},
				"up": {"uv": [5.5, 2, 5, 1.5], "texture": "#0"},
				"down": {"uv": [6, 1.5, 5.5, 2], "texture": "#0"}
			}
		},
		{
			"from": [6, 0, 8],
			"to": [7, 1, 9],
			"faces": {
				"north": {"uv": [14.5, 1, 15, 1.5], "texture": "#0"},
				"east": {"uv": [14, 1, 14.5, 1.5], "texture": "#0"},
				"south": {"uv": [15.5, 1, 16, 1.5], "texture": "#0"},
				"west": {"uv": [15, 1, 15.5, 1.5], "texture": "#0"},
				"up": {"uv": [15, 1, 14.5, 0.5], "texture": "#0"},
				"down": {"uv": [15.5, 0.5, 15, 1], "texture": "#0"}
			}
		},
		{
			"from": [7, 0, 9],
			"to": [8, 1, 10],
			"faces": {
				"north": {"uv": [14.5, 1, 15, 1.5], "texture": "#0"},
				"east": {"uv": [14, 1, 14.5, 1.5], "texture": "#0"},
				"south": {"uv": [15.5, 1, 16, 1.5], "texture": "#0"},
				"west": {"uv": [15, 1, 15.5, 1.5], "texture": "#0"},
				"up": {"uv": [15, 1, 14.5, 0.5], "texture": "#0"},
				"down": {"uv": [15.5, 0.5, 15, 1], "texture": "#0"}
			}
		},
		{
			"from": [4, 0, 8],
			"to": [5, 1, 9],
			"faces": {
				"north": {"uv": [14.5, 1, 15, 1.5], "texture": "#0"},
				"east": {"uv": [14, 1, 14.5, 1.5], "texture": "#0"},
				"south": {"uv": [15.5, 1, 16, 1.5], "texture": "#0"},
				"west": {"uv": [15, 1, 15.5, 1.5], "texture": "#0"},
				"up": {"uv": [15, 1, 14.5, 0.5], "texture": "#0"},
				"down": {"uv": [15.5, 0.5, 15, 1], "texture": "#0"}
			}
		},
		{
			"from": [6, 0, 9],
			"to": [7, 1, 10],
			"faces": {
				"north": {"uv": [14.5, 1, 15, 1.5], "texture": "#0"},
				"east": {"uv": [14, 1, 14.5, 1.5], "texture": "#0"},
				"south": {"uv": [15.5, 1, 16, 1.5], "texture": "#0"},
				"west": {"uv": [15, 1, 15.5, 1.5], "texture": "#0"},
				"up": {"uv": [15, 1, 14.5, 0.5], "texture": "#0"},
				"down": {"uv": [15.5, 0.5, 15, 1], "texture": "#0"}
			}
		},
		{
			"from": [7, 0, 11],
			"to": [8, 1, 12],
			"faces": {
				"north": {"uv": [14.5, 1, 15, 1.5], "texture": "#0"},
				"east": {"uv": [14, 1, 14.5, 1.5], "texture": "#0"},
				"south": {"uv": [15.5, 1, 16, 1.5], "texture": "#0"},
				"west": {"uv": [15, 1, 15.5, 1.5], "texture": "#0"},
				"up": {"uv": [15, 1, 14.5, 0.5], "texture": "#0"},
				"down": {"uv": [15.5, 0.5, 15, 1], "texture": "#0"}
			}
		},
		{
			"from": [9, 0, 11],
			"to": [10, 1, 12],
			"faces": {
				"north": {"uv": [14.5, 1, 15, 1.5], "texture": "#0"},
				"east": {"uv": [14, 1, 14.5, 1.5], "texture": "#0"},
				"south": {"uv": [15.5, 1, 16, 1.5], "texture": "#0"},
				"west": {"uv": [15, 1, 15.5, 1.5], "texture": "#0"},
				"up": {"uv": [15, 1, 14.5, 0.5], "texture": "#0"},
				"down": {"uv": [15.5, 0.5, 15, 1], "texture": "#0"}
			}
		},
		{
			"from": [5, 0, 7],
			"to": [6, 1, 8],
			"faces": {
				"north": {"uv": [14.5, 1, 15, 1.5], "texture": "#0"},
				"east": {"uv": [14, 1, 14.5, 1.5], "texture": "#0"},
				"south": {"uv": [15.5, 1, 16, 1.5], "texture": "#0"},
				"west": {"uv": [15, 1, 15.5, 1.5], "texture": "#0"},
				"up": {"uv": [15, 1, 14.5, 0.5], "texture": "#0"},
				"down": {"uv": [15.5, 0.5, 15, 1], "texture": "#0"}
			}
		},
		{
			"from": [4, 0, 6],
			"to": [5, 1, 7],
			"faces": {
				"north": {"uv": [14.5, 1, 15, 1.5], "texture": "#0"},
				"east": {"uv": [14, 1, 14.5, 1.5], "texture": "#0"},
				"south": {"uv": [15.5, 1, 16, 1.5], "texture": "#0"},
				"west": {"uv": [15, 1, 15.5, 1.5], "texture": "#0"},
				"up": {"uv": [15, 1, 14.5, 0.5], "texture": "#0"},
				"down": {"uv": [15.5, 0.5, 15, 1], "texture": "#0"}
			}
		},
		{
			"from": [8, 0, 10],
			"to": [9, 1, 11],
			"faces": {
				"north": {"uv": [14.5, 1, 15, 1.5], "texture": "#0"},
				"east": {"uv": [14, 1, 14.5, 1.5], "texture": "#0"},
				"south": {"uv": [15.5, 1, 16, 1.5], "texture": "#0"},
				"west": {"uv": [15, 1, 15.5, 1.5], "texture": "#0"},
				"up": {"uv": [15, 1, 14.5, 0.5], "texture": "#0"},
				"down": {"uv": [15.5, 0.5, 15, 1], "texture": "#0"}
			}
		},
		{
			"from": [8, 0, 9],
			"to": [9, 1, 10],
			"faces": {
				"north": {"uv": [14.5, 2, 15, 2.5], "texture": "#0"},
				"east": {"uv": [14, 2, 14.5, 2.5], "texture": "#0"},
				"south": {"uv": [15.5, 2, 16, 2.5], "texture": "#0"},
				"west": {"uv": [15, 2, 15.5, 2.5], "texture": "#0"},
				"up": {"uv": [15, 2, 14.5, 1.5], "texture": "#0"},
				"down": {"uv": [15.5, 1.5, 15, 2], "texture": "#0"}
			}
		},
		{
			"from": [9, 0, 8],
			"to": [10, 1, 9],
			"faces": {
				"north": {"uv": [14.5, 2, 15, 2.5], "texture": "#0"},
				"east": {"uv": [14, 2, 14.5, 2.5], "texture": "#0"},
				"south": {"uv": [15.5, 2, 16, 2.5], "texture": "#0"},
				"west": {"uv": [15, 2, 15.5, 2.5], "texture": "#0"},
				"up": {"uv": [15, 2, 14.5, 1.5], "texture": "#0"},
				"down": {"uv": [15.5, 1.5, 15, 2], "texture": "#0"}
			}
		},
		{
			"from": [7, 0, 6],
			"to": [8, 1, 7],
			"faces": {
				"north": {"uv": [14.5, 2, 15, 2.5], "texture": "#0"},
				"east": {"uv": [14, 2, 14.5, 2.5], "texture": "#0"},
				"south": {"uv": [15.5, 2, 16, 2.5], "texture": "#0"},
				"west": {"uv": [15, 2, 15.5, 2.5], "texture": "#0"},
				"up": {"uv": [15, 2, 14.5, 1.5], "texture": "#0"},
				"down": {"uv": [15.5, 1.5, 15, 2], "texture": "#0"}
			}
		},
		{
			"from": [7, 0, 10],
			"to": [8, 1, 11],
			"faces": {
				"north": {"uv": [14.5, 2, 15, 2.5], "texture": "#0"},
				"east": {"uv": [14, 2, 14.5, 2.5], "texture": "#0"},
				"south": {"uv": [15.5, 2, 16, 2.5], "texture": "#0"},
				"west": {"uv": [15, 2, 15.5, 2.5], "texture": "#0"},
				"up": {"uv": [15, 2, 14.5, 1.5], "texture": "#0"},
				"down": {"uv": [15.5, 1.5, 15, 2], "texture": "#0"}
			}
		},
		{
			"from": [6, 0, 7],
			"to": [7, 1, 8],
			"faces": {
				"north": {"uv": [14.5, 2, 15, 2.5], "texture": "#0"},
				"east": {"uv": [14, 2, 14.5, 2.5], "texture": "#0"},
				"south": {"uv": [15.5, 2, 16, 2.5], "texture": "#0"},
				"west": {"uv": [15, 2, 15.5, 2.5], "texture": "#0"},
				"up": {"uv": [15, 2, 14.5, 1.5], "texture": "#0"},
				"down": {"uv": [15.5, 1.5, 15, 2], "texture": "#0"}
			}
		},
		{
			"from": [5, 0, 8],
			"to": [6, 1, 9],
			"faces": {
				"north": {"uv": [14.5, 2, 15, 2.5], "texture": "#0"},
				"east": {"uv": [14, 2, 14.5, 2.5], "texture": "#0"},
				"south": {"uv": [15.5, 2, 16, 2.5], "texture": "#0"},
				"west": {"uv": [15, 2, 15.5, 2.5], "texture": "#0"},
				"up": {"uv": [15, 2, 14.5, 1.5], "texture": "#0"},
				"down": {"uv": [15.5, 1.5, 15, 2], "texture": "#0"}
			}
		},
		{
			"from": [5, 0, 9],
			"to": [6, 1, 10],
			"faces": {
				"north": {"uv": [0.5, 3.5, 1, 4], "texture": "#0"},
				"east": {"uv": [0, 3.5, 0.5, 4], "texture": "#0"},
				"south": {"uv": [1.5, 3.5, 2, 4], "texture": "#0"},
				"west": {"uv": [1, 3.5, 1.5, 4], "texture": "#0"},
				"up": {"uv": [1, 3.5, 0.5, 3], "texture": "#0"},
				"down": {"uv": [1.5, 3, 1, 3.5], "texture": "#0"}
			}
		},
		{
			"from": [5, 0, 10],
			"to": [6, 1, 11],
			"faces": {
				"north": {"uv": [0.5, 3.5, 1, 4], "texture": "#0"},
				"east": {"uv": [0, 3.5, 0.5, 4], "texture": "#0"},
				"south": {"uv": [1.5, 3.5, 2, 4], "texture": "#0"},
				"west": {"uv": [1, 3.5, 1.5, 4], "texture": "#0"},
				"up": {"uv": [1, 3.5, 0.5, 3], "texture": "#0"},
				"down": {"uv": [1.5, 3, 1, 3.5], "texture": "#0"}
			}
		},
		{
			"from": [6, 0, 10],
			"to": [7, 1, 11],
			"faces": {
				"north": {"uv": [0.5, 3.5, 1, 4], "texture": "#0"},
				"east": {"uv": [0, 3.5, 0.5, 4], "texture": "#0"},
				"south": {"uv": [1.5, 3.5, 2, 4], "texture": "#0"},
				"west": {"uv": [1, 3.5, 1.5, 4], "texture": "#0"},
				"up": {"uv": [1, 3.5, 0.5, 3], "texture": "#0"},
				"down": {"uv": [1.5, 3, 1, 3.5], "texture": "#0"}
			}
		},
		{
			"from": [7, 0, 7],
			"to": [9, 1, 9],
			"faces": {
				"north": {"uv": [4, 9, 5, 9.5], "texture": "#0"},
				"east": {"uv": [3, 9, 4, 9.5], "texture": "#0"},
				"south": {"uv": [6, 9, 7, 9.5], "texture": "#0"},
				"west": {"uv": [5, 9, 6, 9.5], "texture": "#0"},
				"up": {"uv": [5, 9, 4, 8], "texture": "#0"},
				"down": {"uv": [6, 8, 5, 9], "texture": "#0"}
			}
		},
		{
			"from": [5, 0, 6],
			"to": [6, 1, 7],
			"faces": {
				"north": {"uv": [14.5, 3, 15, 3.5], "texture": "#0"},
				"east": {"uv": [14, 3, 14.5, 3.5], "texture": "#0"},
				"south": {"uv": [15.5, 3, 16, 3.5], "texture": "#0"},
				"west": {"uv": [15, 3, 15.5, 3.5], "texture": "#0"},
				"up": {"uv": [15, 3, 14.5, 2.5], "texture": "#0"},
				"down": {"uv": [15.5, 2.5, 15, 3], "texture": "#0"}
			}
		},
		{
			"from": [3, 0, 2],
			"to": [4, 1, 3],
			"faces": {
				"north": {"uv": [14.5, 3, 15, 3.5], "texture": "#0"},
				"east": {"uv": [14, 3, 14.5, 3.5], "texture": "#0"},
				"south": {"uv": [15.5, 3, 16, 3.5], "texture": "#0"},
				"west": {"uv": [15, 3, 15.5, 3.5], "texture": "#0"},
				"up": {"uv": [15, 3, 14.5, 2.5], "texture": "#0"},
				"down": {"uv": [15.5, 2.5, 15, 3], "texture": "#0"}
			}
		},
		{
			"from": [4, 0, 3],
			"to": [5, 1, 4],
			"faces": {
				"north": {"uv": [14.5, 3, 15, 3.5], "texture": "#0"},
				"east": {"uv": [14, 3, 14.5, 3.5], "texture": "#0"},
				"south": {"uv": [15.5, 3, 16, 3.5], "texture": "#0"},
				"west": {"uv": [15, 3, 15.5, 3.5], "texture": "#0"},
				"up": {"uv": [15, 3, 14.5, 2.5], "texture": "#0"},
				"down": {"uv": [15.5, 2.5, 15, 3], "texture": "#0"}
			}
		},
		{
			"from": [5, 0, 4],
			"to": [6, 1, 5],
			"faces": {
				"north": {"uv": [14.5, 3, 15, 3.5], "texture": "#0"},
				"east": {"uv": [14, 3, 14.5, 3.5], "texture": "#0"},
				"south": {"uv": [15.5, 3, 16, 3.5], "texture": "#0"},
				"west": {"uv": [15, 3, 15.5, 3.5], "texture": "#0"},
				"up": {"uv": [15, 3, 14.5, 2.5], "texture": "#0"},
				"down": {"uv": [15.5, 2.5, 15, 3], "texture": "#0"}
			}
		},
		{
			"from": [6, 0, 5],
			"to": [7, 1, 6],
			"faces": {
				"north": {"uv": [14.5, 3, 15, 3.5], "texture": "#0"},
				"east": {"uv": [14, 3, 14.5, 3.5], "texture": "#0"},
				"south": {"uv": [15.5, 3, 16, 3.5], "texture": "#0"},
				"west": {"uv": [15, 3, 15.5, 3.5], "texture": "#0"},
				"up": {"uv": [15, 3, 14.5, 2.5], "texture": "#0"},
				"down": {"uv": [15.5, 2.5, 15, 3], "texture": "#0"}
			}
		},
		{
			"from": [4, 0, 10],
			"to": [5, 1, 11],
			"faces": {
				"north": {"uv": [14.5, 3, 15, 3.5], "texture": "#0"},
				"east": {"uv": [14, 3, 14.5, 3.5], "texture": "#0"},
				"south": {"uv": [15.5, 3, 16, 3.5], "texture": "#0"},
				"west": {"uv": [15, 3, 15.5, 3.5], "texture": "#0"},
				"up": {"uv": [15, 3, 14.5, 2.5], "texture": "#0"},
				"down": {"uv": [15.5, 2.5, 15, 3], "texture": "#0"}
			}
		},
		{
			"from": [5, 0, 11],
			"to": [6, 1, 12],
			"faces": {
				"north": {"uv": [14.5, 3, 15, 3.5], "texture": "#0"},
				"east": {"uv": [14, 3, 14.5, 3.5], "texture": "#0"},
				"south": {"uv": [15.5, 3, 16, 3.5], "texture": "#0"},
				"west": {"uv": [15, 3, 15.5, 3.5], "texture": "#0"},
				"up": {"uv": [15, 3, 14.5, 2.5], "texture": "#0"},
				"down": {"uv": [15.5, 2.5, 15, 3], "texture": "#0"}
			}
		},
		{
			"from": [9, 0, 10],
			"to": [10, 1, 11],
			"faces": {
				"north": {"uv": [14.5, 3, 15, 3.5], "texture": "#0"},
				"east": {"uv": [14, 3, 14.5, 3.5], "texture": "#0"},
				"south": {"uv": [15.5, 3, 16, 3.5], "texture": "#0"},
				"west": {"uv": [15, 3, 15.5, 3.5], "texture": "#0"},
				"up": {"uv": [15, 3, 14.5, 2.5], "texture": "#0"},
				"down": {"uv": [15.5, 2.5, 15, 3], "texture": "#0"}
			}
		},
		{
			"from": [10, 0, 11],
			"to": [11, 1, 12],
			"faces": {
				"north": {"uv": [14.5, 3, 15, 3.5], "texture": "#0"},
				"east": {"uv": [14, 3, 14.5, 3.5], "texture": "#0"},
				"south": {"uv": [15.5, 3, 16, 3.5], "texture": "#0"},
				"west": {"uv": [15, 3, 15.5, 3.5], "texture": "#0"},
				"up": {"uv": [15, 3, 14.5, 2.5], "texture": "#0"},
				"down": {"uv": [15.5, 2.5, 15, 3], "texture": "#0"}
			}
		},
		{
			"from": [11, 0, 12],
			"to": [12, 1, 13],
			"faces": {
				"north": {"uv": [14.5, 3, 15, 3.5], "texture": "#0"},
				"east": {"uv": [14, 3, 14.5, 3.5], "texture": "#0"},
				"south": {"uv": [15.5, 3, 16, 3.5], "texture": "#0"},
				"west": {"uv": [15, 3, 15.5, 3.5], "texture": "#0"},
				"up": {"uv": [15, 3, 14.5, 2.5], "texture": "#0"},
				"down": {"uv": [15.5, 2.5, 15, 3], "texture": "#0"}
			}
		},
		{
			"from": [13, 0, 13],
			"to": [14, 1, 14],
			"faces": {
				"north": {"uv": [14.5, 3, 15, 3.5], "texture": "#0"},
				"east": {"uv": [14, 3, 14.5, 3.5], "texture": "#0"},
				"south": {"uv": [15.5, 3, 16, 3.5], "texture": "#0"},
				"west": {"uv": [15, 3, 15.5, 3.5], "texture": "#0"},
				"up": {"uv": [15, 3, 14.5, 2.5], "texture": "#0"},
				"down": {"uv": [15.5, 2.5, 15, 3], "texture": "#0"}
			}
		},
		{
			"from": [12, 0, 13],
			"to": [13, 1, 14],
			"faces": {
				"north": {"uv": [14.5, 3, 15, 3.5], "texture": "#0"},
				"east": {"uv": [14, 3, 14.5, 3.5], "texture": "#0"},
				"south": {"uv": [15.5, 3, 16, 3.5], "texture": "#0"},
				"west": {"uv": [15, 3, 15.5, 3.5], "texture": "#0"},
				"up": {"uv": [15, 3, 14.5, 2.5], "texture": "#0"},
				"down": {"uv": [15.5, 2.5, 15, 3], "texture": "#0"}
			}
		},
		{
			"from": [10, 0, 9],
			"to": [11, 1, 10],
			"faces": {
				"north": {"uv": [14.5, 3, 15, 3.5], "texture": "#0"},
				"east": {"uv": [14, 3, 14.5, 3.5], "texture": "#0"},
				"south": {"uv": [15.5, 3, 16, 3.5], "texture": "#0"},
				"west": {"uv": [15, 3, 15.5, 3.5], "texture": "#0"},
				"up": {"uv": [15, 3, 14.5, 2.5], "texture": "#0"},
				"down": {"uv": [15.5, 2.5, 15, 3], "texture": "#0"}
			}
		},
		{
			"from": [11, 0, 10],
			"to": [12, 1, 11],
			"faces": {
				"north": {"uv": [14.5, 3, 15, 3.5], "texture": "#0"},
				"east": {"uv": [14, 3, 14.5, 3.5], "texture": "#0"},
				"south": {"uv": [15.5, 3, 16, 3.5], "texture": "#0"},
				"west": {"uv": [15, 3, 15.5, 3.5], "texture": "#0"},
				"up": {"uv": [15, 3, 14.5, 2.5], "texture": "#0"},
				"down": {"uv": [15.5, 2.5, 15, 3], "texture": "#0"}
			}
		},
		{
			"from": [12, 0, 11],
			"to": [13, 1, 12],
			"faces": {
				"north": {"uv": [14.5, 3, 15, 3.5], "texture": "#0"},
				"east": {"uv": [14, 3, 14.5, 3.5], "texture": "#0"},
				"south": {"uv": [15.5, 3, 16, 3.5], "texture": "#0"},
				"west": {"uv": [15, 3, 15.5, 3.5], "texture": "#0"},
				"up": {"uv": [15, 3, 14.5, 2.5], "texture": "#0"},
				"down": {"uv": [15.5, 2.5, 15, 3], "texture": "#0"}
			}
		},
		{
			"from": [13, 0, 12],
			"to": [14, 1, 13],
			"faces": {
				"north": {"uv": [14.5, 3, 15, 3.5], "texture": "#0"},
				"east": {"uv": [14, 3, 14.5, 3.5], "texture": "#0"},
				"south": {"uv": [15.5, 3, 16, 3.5], "texture": "#0"},
				"west": {"uv": [15, 3, 15.5, 3.5], "texture": "#0"},
				"up": {"uv": [15, 3, 14.5, 2.5], "texture": "#0"},
				"down": {"uv": [15.5, 2.5, 15, 3], "texture": "#0"}
			}
		},
		{
			"from": [4, 0, 5],
			"to": [5, 1, 6],
			"faces": {
				"north": {"uv": [14.5, 3, 15, 3.5], "texture": "#0"},
				"east": {"uv": [14, 3, 14.5, 3.5], "texture": "#0"},
				"south": {"uv": [15.5, 3, 16, 3.5], "texture": "#0"},
				"west": {"uv": [15, 3, 15.5, 3.5], "texture": "#0"},
				"up": {"uv": [15, 3, 14.5, 2.5], "texture": "#0"},
				"down": {"uv": [15.5, 2.5, 15, 3], "texture": "#0"}
			}
		},
		{
			"from": [3, 0, 4],
			"to": [4, 1, 5],
			"faces": {
				"north": {"uv": [14.5, 3, 15, 3.5], "texture": "#0"},
				"east": {"uv": [14, 3, 14.5, 3.5], "texture": "#0"},
				"south": {"uv": [15.5, 3, 16, 3.5], "texture": "#0"},
				"west": {"uv": [15, 3, 15.5, 3.5], "texture": "#0"},
				"up": {"uv": [15, 3, 14.5, 2.5], "texture": "#0"},
				"down": {"uv": [15.5, 2.5, 15, 3], "texture": "#0"}
			}
		},
		{
			"from": [2, 0, 3],
			"to": [3, 1, 4],
			"faces": {
				"north": {"uv": [14.5, 3, 15, 3.5], "texture": "#0"},
				"east": {"uv": [14, 3, 14.5, 3.5], "texture": "#0"},
				"south": {"uv": [15.5, 3, 16, 3.5], "texture": "#0"},
				"west": {"uv": [15, 3, 15.5, 3.5], "texture": "#0"},
				"up": {"uv": [15, 3, 14.5, 2.5], "texture": "#0"},
				"down": {"uv": [15.5, 2.5, 15, 3], "texture": "#0"}
			}
		},
		{
			"from": [2, 0, 2],
			"to": [3, 1, 3],
			"faces": {
				"north": {"uv": [14.5, 3, 15, 3.5], "texture": "#0"},
				"east": {"uv": [14, 3, 14.5, 3.5], "texture": "#0"},
				"south": {"uv": [15.5, 3, 16, 3.5], "texture": "#0"},
				"west": {"uv": [15, 3, 15.5, 3.5], "texture": "#0"},
				"up": {"uv": [15, 3, 14.5, 2.5], "texture": "#0"},
				"down": {"uv": [15.5, 2.5, 15, 3], "texture": "#0"}
			}
		},
		{
			"from": [7, 0, 12],
			"to": [8, 1, 13],
			"faces": {
				"north": {"uv": [14.5, 5, 15, 5.5], "texture": "#0"},
				"east": {"uv": [14, 5, 14.5, 5.5], "texture": "#0"},
				"south": {"uv": [15.5, 5, 16, 5.5], "texture": "#0"},
				"west": {"uv": [15, 5, 15.5, 5.5], "texture": "#0"},
				"up": {"uv": [15, 5, 14.5, 4.5], "texture": "#0"},
				"down": {"uv": [15.5, 4.5, 15, 5], "texture": "#0"}
			}
		},
		{
			"from": [3, 0, 8],
			"to": [4, 1, 9],
			"faces": {
				"north": {"uv": [14.5, 5, 15, 5.5], "texture": "#0"},
				"east": {"uv": [14, 5, 14.5, 5.5], "texture": "#0"},
				"south": {"uv": [15.5, 5, 16, 5.5], "texture": "#0"},
				"west": {"uv": [15, 5, 15.5, 5.5], "texture": "#0"},
				"up": {"uv": [15, 5, 14.5, 4.5], "texture": "#0"},
				"down": {"uv": [15.5, 4.5, 15, 5], "texture": "#0"}
			}
		},
		{
			"from": [8, 0, 11],
			"to": [9, 1, 12],
			"faces": {
				"north": {"uv": [14.5, 7, 15, 7.5], "texture": "#0"},
				"east": {"uv": [14, 7, 14.5, 7.5], "texture": "#0"},
				"south": {"uv": [15.5, 7, 16, 7.5], "texture": "#0"},
				"west": {"uv": [15, 7, 15.5, 7.5], "texture": "#0"},
				"up": {"uv": [15, 7, 14.5, 6.5], "texture": "#0"},
				"down": {"uv": [15.5, 6.5, 15, 7], "texture": "#0"}
			}
		},
		{
			"from": [4, 0, 7],
			"to": [5, 1, 8],
			"faces": {
				"north": {"uv": [14.5, 7, 15, 7.5], "texture": "#0"},
				"east": {"uv": [14, 7, 14.5, 7.5], "texture": "#0"},
				"south": {"uv": [15.5, 7, 16, 7.5], "texture": "#0"},
				"west": {"uv": [15, 7, 15.5, 7.5], "texture": "#0"},
				"up": {"uv": [15, 7, 14.5, 6.5], "texture": "#0"},
				"down": {"uv": [15.5, 6.5, 15, 7], "texture": "#0"}
			}
		},
		{
			"from": [5, 0, 5],
			"to": [6, 1, 6],
			"faces": {
				"north": {"uv": [14.5, 6, 15, 6.5], "texture": "#0"},
				"east": {"uv": [14, 6, 14.5, 6.5], "texture": "#0"},
				"south": {"uv": [15.5, 6, 16, 6.5], "texture": "#0"},
				"west": {"uv": [15, 6, 15.5, 6.5], "texture": "#0"},
				"up": {"uv": [15, 6, 14.5, 5.5], "texture": "#0"},
				"down": {"uv": [15.5, 5.5, 15, 6], "texture": "#0"}
			}
		},
		{
			"from": [4, 0, 4],
			"to": [5, 1, 5],
			"faces": {
				"north": {"uv": [14.5, 6, 15, 6.5], "texture": "#0"},
				"east": {"uv": [14, 6, 14.5, 6.5], "texture": "#0"},
				"south": {"uv": [15.5, 6, 16, 6.5], "texture": "#0"},
				"west": {"uv": [15, 6, 15.5, 6.5], "texture": "#0"},
				"up": {"uv": [15, 6, 14.5, 5.5], "texture": "#0"},
				"down": {"uv": [15.5, 5.5, 15, 6], "texture": "#0"}
			}
		},
		{
			"from": [3, 0, 3],
			"to": [4, 1, 4],
			"faces": {
				"north": {"uv": [14.5, 6, 15, 6.5], "texture": "#0"},
				"east": {"uv": [14, 6, 14.5, 6.5], "texture": "#0"},
				"south": {"uv": [15.5, 6, 16, 6.5], "texture": "#0"},
				"west": {"uv": [15, 6, 15.5, 6.5], "texture": "#0"},
				"up": {"uv": [15, 6, 14.5, 5.5], "texture": "#0"},
				"down": {"uv": [15.5, 5.5, 15, 6], "texture": "#0"}
			}
		},
		{
			"from": [6, 0, 6],
			"to": [7, 1, 7],
			"faces": {
				"north": {"uv": [14.5, 6, 15, 6.5], "texture": "#0"},
				"east": {"uv": [14, 6, 14.5, 6.5], "texture": "#0"},
				"south": {"uv": [15.5, 6, 16, 6.5], "texture": "#0"},
				"west": {"uv": [15, 6, 15.5, 6.5], "texture": "#0"},
				"up": {"uv": [15, 6, 14.5, 5.5], "texture": "#0"},
				"down": {"uv": [15.5, 5.5, 15, 6], "texture": "#0"}
			}
		},
		{
			"from": [9, 0, 9],
			"to": [10, 1, 10],
			"faces": {
				"north": {"uv": [14.5, 6, 15, 6.5], "texture": "#0"},
				"east": {"uv": [14, 6, 14.5, 6.5], "texture": "#0"},
				"south": {"uv": [15.5, 6, 16, 6.5], "texture": "#0"},
				"west": {"uv": [15, 6, 15.5, 6.5], "texture": "#0"},
				"up": {"uv": [15, 6, 14.5, 5.5], "texture": "#0"},
				"down": {"uv": [15.5, 5.5, 15, 6], "texture": "#0"}
			}
		},
		{
			"from": [10, 0, 10],
			"to": [11, 1, 11],
			"faces": {
				"north": {"uv": [14.5, 6, 15, 6.5], "texture": "#0"},
				"east": {"uv": [14, 6, 14.5, 6.5], "texture": "#0"},
				"south": {"uv": [15.5, 6, 16, 6.5], "texture": "#0"},
				"west": {"uv": [15, 6, 15.5, 6.5], "texture": "#0"},
				"up": {"uv": [15, 6, 14.5, 5.5], "texture": "#0"},
				"down": {"uv": [15.5, 5.5, 15, 6], "texture": "#0"}
			}
		},
		{
			"from": [11, 0, 11],
			"to": [12, 1, 12],
			"faces": {
				"north": {"uv": [14.5, 6, 15, 6.5], "texture": "#0"},
				"east": {"uv": [14, 6, 14.5, 6.5], "texture": "#0"},
				"south": {"uv": [15.5, 6, 16, 6.5], "texture": "#0"},
				"west": {"uv": [15, 6, 15.5, 6.5], "texture": "#0"},
				"up": {"uv": [15, 6, 14.5, 5.5], "texture": "#0"},
				"down": {"uv": [15.5, 5.5, 15, 6], "texture": "#0"}
			}
		},
		{
			"from": [12, 0, 12],
			"to": [13, 1, 13],
			"faces": {
				"north": {"uv": [14.5, 6, 15, 6.5], "texture": "#0"},
				"east": {"uv": [14, 6, 14.5, 6.5], "texture": "#0"},
				"south": {"uv": [15.5, 6, 16, 6.5], "texture": "#0"},
				"west": {"uv": [15, 6, 15.5, 6.5], "texture": "#0"},
				"up": {"uv": [15, 6, 14.5, 5.5], "texture": "#0"},
				"down": {"uv": [15.5, 5.5, 15, 6], "texture": "#0"}
			}
		},
		{
			"from": [10, 0, 2],
			"to": [11, 1, 3],
			"faces": {
				"north": {"uv": [0.5, 4.5, 1, 5], "texture": "#0"},
				"east": {"uv": [0, 4.5, 0.5, 5], "texture": "#0"},
				"south": {"uv": [1.5, 4.5, 2, 5], "texture": "#0"},
				"west": {"uv": [1, 4.5, 1.5, 5], "texture": "#0"},
				"up": {"uv": [1, 4.5, 0.5, 4], "texture": "#0"},
				"down": {"uv": [1.5, 4, 1, 4.5], "texture": "#0"}
			}
		},
		{
			"from": [7, 0, 5],
			"to": [8, 1, 6],
			"faces": {
				"north": {"uv": [14.5, 6, 15, 6.5], "texture": "#0"},
				"east": {"uv": [14, 6, 14.5, 6.5], "texture": "#0"},
				"south": {"uv": [15.5, 6, 16, 6.5], "texture": "#0"},
				"west": {"uv": [15, 6, 15.5, 6.5], "texture": "#0"},
				"up": {"uv": [15, 6, 14.5, 5.5], "texture": "#0"},
				"down": {"uv": [15.5, 5.5, 15, 6], "texture": "#0"}
			}
		},
		{
			"from": [7, 0, 4],
			"to": [8, 1, 5],
			"faces": {
				"north": {"uv": [14.5, 6, 15, 6.5], "texture": "#0"},
				"east": {"uv": [14, 6, 14.5, 6.5], "texture": "#0"},
				"south": {"uv": [15.5, 6, 16, 6.5], "texture": "#0"},
				"west": {"uv": [15, 6, 15.5, 6.5], "texture": "#0"},
				"up": {"uv": [15, 6, 14.5, 5.5], "texture": "#0"},
				"down": {"uv": [15.5, 5.5, 15, 6], "texture": "#0"}
			}
		},
		{
			"from": [10, 0, 8],
			"to": [11, 1, 9],
			"faces": {
				"north": {"uv": [14.5, 6, 15, 6.5], "texture": "#0"},
				"east": {"uv": [14, 6, 14.5, 6.5], "texture": "#0"},
				"south": {"uv": [15.5, 6, 16, 6.5], "texture": "#0"},
				"west": {"uv": [15, 6, 15.5, 6.5], "texture": "#0"},
				"up": {"uv": [15, 6, 14.5, 5.5], "texture": "#0"},
				"down": {"uv": [15.5, 5.5, 15, 6], "texture": "#0"}
			}
		},
		{
			"from": [11, 0, 8],
			"to": [12, 1, 9],
			"faces": {
				"north": {"uv": [14.5, 6, 15, 6.5], "texture": "#0"},
				"east": {"uv": [14, 6, 14.5, 6.5], "texture": "#0"},
				"south": {"uv": [15.5, 6, 16, 6.5], "texture": "#0"},
				"west": {"uv": [15, 6, 15.5, 6.5], "texture": "#0"},
				"up": {"uv": [15, 6, 14.5, 5.5], "texture": "#0"},
				"down": {"uv": [15.5, 5.5, 15, 6], "texture": "#0"}
			}
		},
		{
			"from": [13, 0, 5],
			"to": [14, 1, 6],
			"faces": {
				"north": {"uv": [0.5, 4.5, 1, 5], "texture": "#0"},
				"east": {"uv": [0, 4.5, 0.5, 5], "texture": "#0"},
				"south": {"uv": [1.5, 4.5, 2, 5], "texture": "#0"},
				"west": {"uv": [1, 4.5, 1.5, 5], "texture": "#0"},
				"up": {"uv": [1, 4.5, 0.5, 4], "texture": "#0"},
				"down": {"uv": [1.5, 4, 1, 4.5], "texture": "#0"}
			}
		},
		{
			"from": [9, 0, 4],
			"to": [10, 1, 5],
			"faces": {
				"north": {"uv": [14.5, 4, 15, 4.5], "texture": "#0"},
				"east": {"uv": [14, 4, 14.5, 4.5], "texture": "#0"},
				"south": {"uv": [15.5, 4, 16, 4.5], "texture": "#0"},
				"west": {"uv": [15, 4, 15.5, 4.5], "texture": "#0"},
				"up": {"uv": [15, 4, 14.5, 3.5], "texture": "#0"},
				"down": {"uv": [15.5, 3.5, 15, 4], "texture": "#0"}
			}
		},
		{
			"from": [12, 0, 6],
			"to": [13, 1, 7],
			"faces": {
				"north": {"uv": [12.5, 4, 13, 4.5], "texture": "#0"},
				"east": {"uv": [12, 4, 12.5, 4.5], "texture": "#0"},
				"south": {"uv": [13.5, 4, 14, 4.5], "texture": "#0"},
				"west": {"uv": [13, 4, 13.5, 4.5], "texture": "#0"},
				"up": {"uv": [13, 4, 12.5, 3.5], "texture": "#0"},
				"down": {"uv": [13.5, 3.5, 13, 4], "texture": "#0"}
			}
		},
		{
			"from": [13, 0, 6],
			"to": [14, 1, 7],
			"faces": {
				"north": {"uv": [12.5, 4, 13, 4.5], "texture": "#0"},
				"east": {"uv": [12, 4, 12.5, 4.5], "texture": "#0"},
				"south": {"uv": [13.5, 4, 14, 4.5], "texture": "#0"},
				"west": {"uv": [13, 4, 13.5, 4.5], "texture": "#0"},
				"up": {"uv": [13, 4, 12.5, 3.5], "texture": "#0"},
				"down": {"uv": [13.5, 3.5, 13, 4], "texture": "#0"}
			}
		},
		{
			"from": [12, 0, 5],
			"to": [13, 1, 6],
			"faces": {
				"north": {"uv": [14.5, 4, 15, 4.5], "texture": "#0"},
				"east": {"uv": [14, 4, 14.5, 4.5], "texture": "#0"},
				"south": {"uv": [15.5, 4, 16, 4.5], "texture": "#0"},
				"west": {"uv": [15, 4, 15.5, 4.5], "texture": "#0"},
				"up": {"uv": [15, 4, 14.5, 3.5], "texture": "#0"},
				"down": {"uv": [15.5, 3.5, 15, 4], "texture": "#0"}
			}
		},
		{
			"from": [11, 0, 2],
			"to": [12, 1, 3],
			"faces": {
				"north": {"uv": [14.5, 4, 15, 4.5], "texture": "#0"},
				"east": {"uv": [14, 4, 14.5, 4.5], "texture": "#0"},
				"south": {"uv": [15.5, 4, 16, 4.5], "texture": "#0"},
				"west": {"uv": [15, 4, 15.5, 4.5], "texture": "#0"},
				"up": {"uv": [15, 4, 14.5, 3.5], "texture": "#0"},
				"down": {"uv": [15.5, 3.5, 15, 4], "texture": "#0"}
			}
		},
		{
			"from": [11, 0, 1],
			"to": [12, 1, 2],
			"faces": {
				"north": {"uv": [12.5, 4, 13, 4.5], "texture": "#0"},
				"east": {"uv": [12, 4, 12.5, 4.5], "texture": "#0"},
				"south": {"uv": [13.5, 4, 14, 4.5], "texture": "#0"},
				"west": {"uv": [13, 4, 13.5, 4.5], "texture": "#0"},
				"up": {"uv": [13, 4, 12.5, 3.5], "texture": "#0"},
				"down": {"uv": [13.5, 3.5, 13, 4], "texture": "#0"}
			}
		},
		{
			"from": [10, 0, 7],
			"to": [11, 1, 8],
			"faces": {
				"north": {"uv": [14.5, 4, 15, 4.5], "texture": "#0"},
				"east": {"uv": [14, 4, 14.5, 4.5], "texture": "#0"},
				"south": {"uv": [15.5, 4, 16, 4.5], "texture": "#0"},
				"west": {"uv": [15, 4, 15.5, 4.5], "texture": "#0"},
				"up": {"uv": [15, 4, 14.5, 3.5], "texture": "#0"},
				"down": {"uv": [15.5, 3.5, 15, 4], "texture": "#0"}
			}
		},
		{
			"from": [10, 0, 3],
			"to": [11, 1, 4],
			"faces": {
				"north": {"uv": [14.5, 4, 15, 4.5], "texture": "#0"},
				"east": {"uv": [14, 4, 14.5, 4.5], "texture": "#0"},
				"south": {"uv": [15.5, 4, 16, 4.5], "texture": "#0"},
				"west": {"uv": [15, 4, 15.5, 4.5], "texture": "#0"},
				"up": {"uv": [15, 4, 14.5, 3.5], "texture": "#0"},
				"down": {"uv": [15.5, 3.5, 15, 4], "texture": "#0"}
			}
		},
		{
			"from": [9, 0, 3],
			"to": [10, 1, 4],
			"faces": {
				"north": {"uv": [12.5, 4, 13, 4.5], "texture": "#0"},
				"east": {"uv": [12, 4, 12.5, 4.5], "texture": "#0"},
				"south": {"uv": [13.5, 4, 14, 4.5], "texture": "#0"},
				"west": {"uv": [13, 4, 13.5, 4.5], "texture": "#0"},
				"up": {"uv": [13, 4, 12.5, 3.5], "texture": "#0"},
				"down": {"uv": [13.5, 3.5, 13, 4], "texture": "#0"}
			}
		},
		{
			"from": [9, 0, 2],
			"to": [10, 1, 3],
			"faces": {
				"north": {"uv": [12.5, 4, 13, 4.5], "texture": "#0"},
				"east": {"uv": [12, 4, 12.5, 4.5], "texture": "#0"},
				"south": {"uv": [13.5, 4, 14, 4.5], "texture": "#0"},
				"west": {"uv": [13, 4, 13.5, 4.5], "texture": "#0"},
				"up": {"uv": [13, 4, 12.5, 3.5], "texture": "#0"},
				"down": {"uv": [13.5, 3.5, 13, 4], "texture": "#0"}
			}
		},
		{
			"from": [11, 0, 6],
			"to": [12, 1, 7],
			"faces": {
				"north": {"uv": [14.5, 4, 15, 4.5], "texture": "#0"},
				"east": {"uv": [14, 4, 14.5, 4.5], "texture": "#0"},
				"south": {"uv": [15.5, 4, 16, 4.5], "texture": "#0"},
				"west": {"uv": [15, 4, 15.5, 4.5], "texture": "#0"},
				"up": {"uv": [15, 4, 14.5, 3.5], "texture": "#0"},
				"down": {"uv": [15.5, 3.5, 15, 4], "texture": "#0"}
			}
		},
		{
			"from": [13, 0, 4],
			"to": [14, 1, 5],
			"faces": {
				"north": {"uv": [14.5, 4, 15, 4.5], "texture": "#0"},
				"east": {"uv": [14, 4, 14.5, 4.5], "texture": "#0"},
				"south": {"uv": [15.5, 4, 16, 4.5], "texture": "#0"},
				"west": {"uv": [15, 4, 15.5, 4.5], "texture": "#0"},
				"up": {"uv": [15, 4, 14.5, 3.5], "texture": "#0"},
				"down": {"uv": [15.5, 3.5, 15, 4], "texture": "#0"}
			}
		},
		{
			"from": [14, 0, 4],
			"to": [15, 1, 5],
			"faces": {
				"north": {"uv": [12.5, 4, 13, 4.5], "texture": "#0"},
				"east": {"uv": [12, 4, 12.5, 4.5], "texture": "#0"},
				"south": {"uv": [13.5, 4, 14, 4.5], "texture": "#0"},
				"west": {"uv": [13, 4, 13.5, 4.5], "texture": "#0"},
				"up": {"uv": [13, 4, 12.5, 3.5], "texture": "#0"},
				"down": {"uv": [13.5, 3.5, 13, 4], "texture": "#0"}
			}
		},
		{
			"from": [8, 0, 5],
			"to": [9, 1, 6],
			"faces": {
				"north": {"uv": [14.5, 4, 15, 4.5], "texture": "#0"},
				"east": {"uv": [14, 4, 14.5, 4.5], "texture": "#0"},
				"south": {"uv": [15.5, 4, 16, 4.5], "texture": "#0"},
				"west": {"uv": [15, 4, 15.5, 4.5], "texture": "#0"},
				"up": {"uv": [15, 4, 14.5, 3.5], "texture": "#0"},
				"down": {"uv": [15.5, 3.5, 15, 4], "texture": "#0"}
			}
		},
		{
			"from": [12, 0, 1],
			"to": [17, 1, 2],
			"faces": {
				"north": {"uv": [5, 15.5, 7.5, 16], "texture": "#0"},
				"east": {"uv": [4.5, 15.5, 5, 16], "texture": "#0"},
				"south": {"uv": [8, 15.5, 10.5, 16], "texture": "#0"},
				"west": {"uv": [7.5, 15.5, 8, 16], "texture": "#0"},
				"up": {"uv": [7.5, 15.5, 5, 15], "texture": "#0"},
				"down": {"uv": [10, 15, 7.5, 15.5], "texture": "#0"}
			}
		},
		{
			"from": [13, 0, 0],
			"to": [18, 1, 1],
			"faces": {
				"north": {"uv": [5, 15.5, 7.5, 16], "texture": "#0"},
				"east": {"uv": [4.5, 15.5, 5, 16], "texture": "#0"},
				"south": {"uv": [8, 15.5, 10.5, 16], "texture": "#0"},
				"west": {"uv": [7.5, 15.5, 8, 16], "texture": "#0"},
				"up": {"uv": [7.5, 15.5, 5, 15], "texture": "#0"},
				"down": {"uv": [10, 15, 7.5, 15.5], "texture": "#0"}
			}
		},
		{
			"from": [14, 0, -1],
			"to": [19, 1, 0],
			"faces": {
				"north": {"uv": [5, 15.5, 7.5, 16], "texture": "#0"},
				"east": {"uv": [4.5, 15.5, 5, 16], "texture": "#0"},
				"south": {"uv": [8, 15.5, 10.5, 16], "texture": "#0"},
				"west": {"uv": [7.5, 15.5, 8, 16], "texture": "#0"},
				"up": {"uv": [7.5, 15.5, 5, 15], "texture": "#0"},
				"down": {"uv": [10, 15, 7.5, 15.5], "texture": "#0"}
			}
		},
		{
			"from": [15, 0, -2],
			"to": [20, 1, -1],
			"faces": {
				"north": {"uv": [5, 15.5, 7.5, 16], "texture": "#0"},
				"east": {"uv": [4.5, 15.5, 5, 16], "texture": "#0"},
				"south": {"uv": [8, 15.5, 10.5, 16], "texture": "#0"},
				"west": {"uv": [7.5, 15.5, 8, 16], "texture": "#0"},
				"up": {"uv": [7.5, 15.5, 5, 15], "texture": "#0"},
				"down": {"uv": [10, 15, 7.5, 15.5], "texture": "#0"}
			}
		},
		{
			"from": [16, 0, -3],
			"to": [21, 1, -2],
			"faces": {
				"north": {"uv": [5, 15.5, 7.5, 16], "texture": "#0"},
				"east": {"uv": [4.5, 15.5, 5, 16], "texture": "#0"},
				"south": {"uv": [8, 15.5, 10.5, 16], "texture": "#0"},
				"west": {"uv": [7.5, 15.5, 8, 16], "texture": "#0"},
				"up": {"uv": [7.5, 15.5, 5, 15], "texture": "#0"},
				"down": {"uv": [10, 15, 7.5, 15.5], "texture": "#0"}
			}
		},
		{
			"from": [17, 0, -4],
			"to": [22, 1, -3],
			"faces": {
				"north": {"uv": [5, 15.5, 7.5, 16], "texture": "#0"},
				"east": {"uv": [4.5, 15.5, 5, 16], "texture": "#0"},
				"south": {"uv": [8, 15.5, 10.5, 16], "texture": "#0"},
				"west": {"uv": [7.5, 15.5, 8, 16], "texture": "#0"},
				"up": {"uv": [7.5, 15.5, 5, 15], "texture": "#0"},
				"down": {"uv": [10, 15, 7.5, 15.5], "texture": "#0"}
			}
		},
		{
			"from": [18, 0, -5],
			"to": [23, 1, -4],
			"faces": {
				"north": {"uv": [5, 15.5, 7.5, 16], "texture": "#0"},
				"east": {"uv": [4.5, 15.5, 5, 16], "texture": "#0"},
				"south": {"uv": [8, 15.5, 10.5, 16], "texture": "#0"},
				"west": {"uv": [7.5, 15.5, 8, 16], "texture": "#0"},
				"up": {"uv": [7.5, 15.5, 5, 15], "texture": "#0"},
				"down": {"uv": [10, 15, 7.5, 15.5], "texture": "#0"}
			}
		},
		{
			"from": [19, 0, -6],
			"to": [24, 1, -5],
			"faces": {
				"north": {"uv": [5, 15.5, 7.5, 16], "texture": "#0"},
				"east": {"uv": [4.5, 15.5, 5, 16], "texture": "#0"},
				"south": {"uv": [8, 15.5, 10.5, 16], "texture": "#0"},
				"west": {"uv": [7.5, 15.5, 8, 16], "texture": "#0"},
				"up": {"uv": [7.5, 15.5, 5, 15], "texture": "#0"},
				"down": {"uv": [10, 15, 7.5, 15.5], "texture": "#0"}
			}
		},
		{
			"from": [20, 0, -7],
			"to": [25, 1, -6],
			"faces": {
				"north": {"uv": [5, 15.5, 7.5, 16], "texture": "#0"},
				"east": {"uv": [4.5, 15.5, 5, 16], "texture": "#0"},
				"south": {"uv": [8, 15.5, 10.5, 16], "texture": "#0"},
				"west": {"uv": [7.5, 15.5, 8, 16], "texture": "#0"},
				"up": {"uv": [7.5, 15.5, 5, 15], "texture": "#0"},
				"down": {"uv": [10, 15, 7.5, 15.5], "texture": "#0"}
			}
		},
		{
			"from": [21, 0, -8],
			"to": [26, 1, -7],
			"faces": {
				"north": {"uv": [5, 15.5, 7.5, 16], "texture": "#0"},
				"east": {"uv": [4.5, 15.5, 5, 16], "texture": "#0"},
				"south": {"uv": [8, 15.5, 10.5, 16], "texture": "#0"},
				"west": {"uv": [7.5, 15.5, 8, 16], "texture": "#0"},
				"up": {"uv": [7.5, 15.5, 5, 15], "texture": "#0"},
				"down": {"uv": [10, 15, 7.5, 15.5], "texture": "#0"}
			}
		},
		{
			"from": [22, 0, -9],
			"to": [27, 1, -8],
			"faces": {
				"north": {"uv": [5, 15.5, 7.5, 16], "texture": "#0"},
				"east": {"uv": [4.5, 15.5, 5, 16], "texture": "#0"},
				"south": {"uv": [8, 15.5, 10.5, 16], "texture": "#0"},
				"west": {"uv": [7.5, 15.5, 8, 16], "texture": "#0"},
				"up": {"uv": [7.5, 15.5, 5, 15], "texture": "#0"},
				"down": {"uv": [10, 15, 7.5, 15.5], "texture": "#0"}
			}
		},
		{
			"from": [23, 0, -10],
			"to": [28, 1, -9],
			"faces": {
				"north": {"uv": [5, 15.5, 7.5, 16], "texture": "#0"},
				"east": {"uv": [4.5, 15.5, 5, 16], "texture": "#0"},
				"south": {"uv": [8, 15.5, 10.5, 16], "texture": "#0"},
				"west": {"uv": [7.5, 15.5, 8, 16], "texture": "#0"},
				"up": {"uv": [7.5, 15.5, 5, 15], "texture": "#0"},
				"down": {"uv": [10, 15, 7.5, 15.5], "texture": "#0"}
			}
		},
		{
			"from": [24, 0, -11],
			"to": [29, 1, -10],
			"faces": {
				"north": {"uv": [5, 15.5, 7.5, 16], "texture": "#0"},
				"east": {"uv": [4.5, 15.5, 5, 16], "texture": "#0"},
				"south": {"uv": [8, 15.5, 10.5, 16], "texture": "#0"},
				"west": {"uv": [7.5, 15.5, 8, 16], "texture": "#0"},
				"up": {"uv": [7.5, 15.5, 5, 15], "texture": "#0"},
				"down": {"uv": [10, 15, 7.5, 15.5], "texture": "#0"}
			}
		},
		{
			"from": [8, 0, 4],
			"to": [9, 1, 5],
			"faces": {
				"north": {"uv": [0.5, 2.5, 1, 3], "texture": "#0"},
				"east": {"uv": [0, 2.5, 0.5, 3], "texture": "#0"},
				"south": {"uv": [1.5, 2.5, 2, 3], "texture": "#0"},
				"west": {"uv": [1, 2.5, 1.5, 3], "texture": "#0"},
				"up": {"uv": [1, 2.5, 0.5, 2], "texture": "#0"},
				"down": {"uv": [1.5, 2, 1, 2.5], "texture": "#0"}
			}
		},
		{
			"from": [8, 0, 3],
			"to": [9, 1, 4],
			"faces": {
				"north": {"uv": [0.5, 3.5, 1, 4], "texture": "#0"},
				"east": {"uv": [0, 3.5, 0.5, 4], "texture": "#0"},
				"south": {"uv": [1.5, 3.5, 2, 4], "texture": "#0"},
				"west": {"uv": [1, 3.5, 1.5, 4], "texture": "#0"},
				"up": {"uv": [1, 3.5, 0.5, 3], "texture": "#0"},
				"down": {"uv": [1.5, 3, 1, 3.5], "texture": "#0"}
			}
		},
		{
			"from": [11, 0, 7],
			"to": [12, 1, 8],
			"faces": {
				"north": {"uv": [0.5, 2.5, 1, 3], "texture": "#0"},
				"east": {"uv": [0, 2.5, 0.5, 3], "texture": "#0"},
				"south": {"uv": [1.5, 2.5, 2, 3], "texture": "#0"},
				"west": {"uv": [1, 2.5, 1.5, 3], "texture": "#0"},
				"up": {"uv": [1, 2.5, 0.5, 2], "texture": "#0"},
				"down": {"uv": [1.5, 2, 1, 2.5], "texture": "#0"}
			}
		},
		{
			"from": [12, 0, 7],
			"to": [13, 1, 8],
			"faces": {
				"north": {"uv": [0.5, 3.5, 1, 4], "texture": "#0"},
				"east": {"uv": [0, 3.5, 0.5, 4], "texture": "#0"},
				"south": {"uv": [1.5, 3.5, 2, 4], "texture": "#0"},
				"west": {"uv": [1, 3.5, 1.5, 4], "texture": "#0"},
				"up": {"uv": [1, 3.5, 0.5, 3], "texture": "#0"},
				"down": {"uv": [1.5, 3, 1, 3.5], "texture": "#0"}
			}
		},
		{
			"from": [8, 0, 6],
			"to": [11, 1, 7],
			"faces": {
				"north": {"uv": [6.5, 13, 8, 13.5], "texture": "#0"},
				"east": {"uv": [6, 13, 6.5, 13.5], "texture": "#0"},
				"south": {"uv": [8.5, 13, 10, 13.5], "texture": "#0"},
				"west": {"uv": [8, 13, 8.5, 13.5], "texture": "#0"},
				"up": {"uv": [8, 13, 6.5, 12.5], "texture": "#0"},
				"down": {"uv": [9.5, 12.5, 8, 13], "texture": "#0"}
			}
		},
		{
			"from": [9, 0, 5],
			"to": [12, 1, 6],
			"faces": {
				"north": {"uv": [6.5, 13, 8, 13.5], "texture": "#0"},
				"east": {"uv": [6, 13, 6.5, 13.5], "texture": "#0"},
				"south": {"uv": [8.5, 13, 10, 13.5], "texture": "#0"},
				"west": {"uv": [8, 13, 8.5, 13.5], "texture": "#0"},
				"up": {"uv": [8, 13, 6.5, 12.5], "texture": "#0"},
				"down": {"uv": [9.5, 12.5, 8, 13], "texture": "#0"}
			}
		},
		{
			"from": [10, 0, 4],
			"to": [13, 1, 5],
			"faces": {
				"north": {"uv": [6.5, 13, 8, 13.5], "texture": "#0"},
				"east": {"uv": [6, 13, 6.5, 13.5], "texture": "#0"},
				"south": {"uv": [8.5, 13, 10, 13.5], "texture": "#0"},
				"west": {"uv": [8, 13, 8.5, 13.5], "texture": "#0"},
				"up": {"uv": [8, 13, 6.5, 12.5], "texture": "#0"},
				"down": {"uv": [9.5, 12.5, 8, 13], "texture": "#0"}
			}
		},
		{
			"from": [11, 0, 3],
			"to": [15, 1, 4],
			"faces": {
				"north": {"uv": [5.5, 14.5, 7.5, 15], "texture": "#0"},
				"east": {"uv": [5, 14.5, 5.5, 15], "texture": "#0"},
				"south": {"uv": [8, 14.5, 10, 15], "texture": "#0"},
				"west": {"uv": [7.5, 14.5, 8, 15], "texture": "#0"},
				"up": {"uv": [7.5, 14.5, 5.5, 14], "texture": "#0"},
				"down": {"uv": [9.5, 14, 7.5, 14.5], "texture": "#0"}
			}
		},
		{
			"from": [12, 0, 2],
			"to": [16, 1, 3],
			"faces": {
				"north": {"uv": [5.5, 14.5, 7.5, 15], "texture": "#0"},
				"east": {"uv": [5, 14.5, 5.5, 15], "texture": "#0"},
				"south": {"uv": [8, 14.5, 10, 15], "texture": "#0"},
				"west": {"uv": [7.5, 14.5, 8, 15], "texture": "#0"},
				"up": {"uv": [7.5, 14.5, 5.5, 14], "texture": "#0"},
				"down": {"uv": [9.5, 14, 7.5, 14.5], "texture": "#0"}
			}
		},
		{
			"from": [9, 0, 7],
			"to": [10, 1, 8],
			"faces": {
				"north": {"uv": [14.5, 8, 15, 8.5], "texture": "#0"},
				"east": {"uv": [14, 8, 14.5, 8.5], "texture": "#0"},
				"south": {"uv": [15.5, 8, 16, 8.5], "texture": "#0"},
				"west": {"uv": [15, 8, 15.5, 8.5], "texture": "#0"},
				"up": {"uv": [15, 8, 14.5, 7.5], "texture": "#0"},
				"down": {"uv": [15.5, 7.5, 15, 8], "texture": "#0"}
			}
		}
	],
	"gui_light": "front",
	"display": {
		"thirdperson_righthand": {
			"rotation": [54, 0, 90],
			"translation": [-7.5, 6, 2]
		},
		"thirdperson_lefthand": {
			"rotation": [54, 0, -90],
			"translation": [7.5, 6, 2]
		},
		"firstperson_righthand": {
			"rotation": [66, 5, 91],
			"translation": [-5.25, 1.75, -1.75],
			"scale": [0.96, 0.96, 0.96]
		},
		"firstperson_lefthand": {
			"rotation": [66, 5, -91],
			"translation": [8, 3.25, -1.75],
			"scale": [0.96, 0.96, 0.96]
		},
		"ground": {
			"rotation": [0, 0, 90],
			"translation": [-8, 4.25, 0]
		},
		"gui": {
			"rotation": [90, 0, 0],
			"translation": [-4.5, -4.5, 0]
		},
		"head": {
			"rotation": [0, 0, -90],
			"translation": [7.5, 12.75, 7.25]
		},
		"fixed": {
			"rotation": [90, 90, 0],
			"translation": [4.5, -4.5, 8.25],
			"scale": [1.2, 1.2, 1.2]
		}
	},
	"groups": [
		{
			"name": "Pommel",
			"origin": [8, 8, 8],
			"color": 0,
			"nbt": "{}",
			"armAnimationEnabled": false,
			"children": [0, 1, 2]
		},
		{
			"name": "Handle",
			"origin": [0, 0, 0],
			"color": 0,
			"nbt": "{}",
			"armAnimationEnabled": false,
			"children": [3, 4, 5, 6, 7]
		},
		{
			"name": "Guard",
			"origin": [8, 8, 8],
			"color": 0,
			"nbt": "{}",
			"armAnimationEnabled": false,
			"children": [
				8,
				9,
				10,
				11,
				12,
				13,
				14,
				15,
				16,
				17,
				18,
				19,
				20,
				21,
				22,
				23,
				24,
				25,
				26,
				27,
				28,
				29,
				30,
				31,
				32,
				33,
				34,
				35,
				36,
				37,
				38,
				39,
				40,
				41,
				42,
				43,
				44,
				45,
				46,
				47,
				48,
				49,
				50,
				51,
				52,
				53,
				54,
				55,
				56,
				57,
				58
			]
		},
		{
			"name": "Langets",
			"origin": [8, 8, 8],
			"color": 0,
			"nbt": "{}",
			"armAnimationEnabled": false,
			"children": [59, 60, 61, 62, 63, 64, 65, 66, 67, 68, 69, 70, 71, 72, 73, 74, 75, 76, 77, 78]
		},
		{
			"name": "Blade",
			"origin": [8, 8, 8],
			"color": 0,
			"nbt": "{}",
			"armAnimationEnabled": false,
			"children": [79, 80, 81, 82, 83, 84, 85, 86, 87, 88, 89, 90, 91, 92, 93, 94, 95, 96, 97, 98, 99, 100, 101]
		}
	]
}