{
	"credit": "Made with Blockbench",
	"texture_size": [32, 32],
	"textures": {
		"0": "weapons/iron_warhammer_texture",
		"particle": "weapons/iron_warhammer_texture"
	},
	"elements": [
		{
			"name": "cube_1",
			"from": [-1, 0, 17],
			"to": [0, 1, 18],
			"faces": {
				"north": {"uv": [0.5, 3.5, 1, 4], "texture": "#0"},
				"east": {"uv": [0, 3.5, 0.5, 4], "texture": "#0"},
				"south": {"uv": [1.5, 3.5, 2, 4], "texture": "#0"},
				"west": {"uv": [1, 3.5, 1.5, 4], "texture": "#0"},
				"up": {"uv": [1, 3.5, 0.5, 3], "texture": "#0"},
				"down": {"uv": [1.5, 3, 1, 3.5], "texture": "#0"}
			}
		},
		{
			"name": "cube_2",
			"from": [-1, 0, 15],
			"to": [1, 1, 17],
			"faces": {
				"north": {"uv": [7, 15.5, 8, 16], "texture": "#0"},
				"east": {"uv": [6, 15.5, 7, 16], "texture": "#0"},
				"south": {"uv": [9, 15.5, 10, 16], "texture": "#0"},
				"west": {"uv": [8, 15.5, 9, 16], "texture": "#0"},
				"up": {"uv": [8, 15.5, 7, 14.5], "texture": "#0"},
				"down": {"uv": [9, 14.5, 8, 15.5], "texture": "#0"}
			}
		},
		{
			"name": "cube_1",
			"from": [-2, 0, 16],
			"to": [-1, 1, 17],
			"faces": {
				"north": {"uv": [0.5, 3.5, 1, 4], "texture": "#0"},
				"east": {"uv": [0, 3.5, 0.5, 4], "texture": "#0"},
				"south": {"uv": [1.5, 3.5, 2, 4], "texture": "#0"},
				"west": {"uv": [1, 3.5, 1.5, 4], "texture": "#0"},
				"up": {"uv": [1, 3.5, 0.5, 3], "texture": "#0"},
				"down": {"uv": [1.5, 3, 1, 3.5], "texture": "#0"}
			}
		},
		{
			"name": "cube_2",
			"from": [9, 0, 5],
			"to": [10, 1, 8],
			"faces": {
				"north": {"uv": [5, 2, 5.5, 2.5], "texture": "#0"},
				"east": {"uv": [3.5, 2, 5, 2.5], "texture": "#0"},
				"south": {"uv": [7, 2, 7.5, 2.5], "texture": "#0"},
				"west": {"uv": [5.5, 2, 7, 2.5], "texture": "#0"},
				"up": {"uv": [5.5, 2, 5, 0.5], "texture": "#0"},
				"down": {"uv": [6, 0.5, 5.5, 2], "texture": "#0"}
			}
		},
		{
			"name": "cube_2",
			"from": [1, 0, 13],
			"to": [2, 1, 16],
			"faces": {
				"north": {"uv": [5, 2, 5.5, 2.5], "texture": "#0"},
				"east": {"uv": [3.5, 2, 5, 2.5], "texture": "#0"},
				"south": {"uv": [7, 2, 7.5, 2.5], "texture": "#0"},
				"west": {"uv": [5.5, 2, 7, 2.5], "texture": "#0"},
				"up": {"uv": [5.5, 2, 5, 0.5], "texture": "#0"},
				"down": {"uv": [6, 0.5, 5.5, 2], "texture": "#0"}
			}
		},
		{
			"name": "cube_2",
			"from": [8, 0, 6],
			"to": [9, 1, 9],
			"faces": {
				"north": {"uv": [5, 2, 5.5, 2.5], "texture": "#0"},
				"east": {"uv": [3.5, 2, 5, 2.5], "texture": "#0"},
				"south": {"uv": [7, 2, 7.5, 2.5], "texture": "#0"},
				"west": {"uv": [5.5, 2, 7, 2.5], "texture": "#0"},
				"up": {"uv": [5.5, 2, 5, 0.5], "texture": "#0"},
				"down": {"uv": [6, 0.5, 5.5, 2], "texture": "#0"}
			}
		},
		{
			"name": "cube_2",
			"from": [0, 0, 14],
			"to": [1, 1, 15],
			"faces": {
				"north": {"uv": [5, 2, 5.5, 2.5], "texture": "#0"},
				"east": {"uv": [4.5, 2, 5, 2.5], "texture": "#0"},
				"south": {"uv": [6, 2, 6.5, 2.5], "texture": "#0"},
				"west": {"uv": [5.5, 2, 6, 2.5], "texture": "#0"},
				"up": {"uv": [5.5, 2, 5, 1.5], "texture": "#0"},
				"down": {"uv": [6, 1.5, 5.5, 2], "texture": "#0"}
			}
		},
		{
			"name": "cube_2",
			"from": [10, 0, 5],
			"to": [11, 1, 7],
			"faces": {
				"north": {"uv": [5, 3.5, 5.5, 4], "texture": "#0"},
				"east": {"uv": [4, 3.5, 5, 4], "texture": "#0"},
				"south": {"uv": [6.5, 3.5, 7, 4], "texture": "#0"},
				"west": {"uv": [5.5, 3.5, 6.5, 4], "texture": "#0"},
				"up": {"uv": [5.5, 3.5, 5, 2.5], "texture": "#0"},
				"down": {"uv": [6, 2.5, 5.5, 3.5], "texture": "#0"}
			}
		},
		{
			"name": "cube_2",
			"from": [7, 0, 7],
			"to": [8, 1, 10],
			"faces": {
				"north": {"uv": [5, 2, 5.5, 2.5], "texture": "#0"},
				"east": {"uv": [3.5, 2, 5, 2.5], "texture": "#0"},
				"south": {"uv": [7, 2, 7.5, 2.5], "texture": "#0"},
				"west": {"uv": [5.5, 2, 7, 2.5], "texture": "#0"},
				"up": {"uv": [5.5, 2, 5, 0.5], "texture": "#0"},
				"down": {"uv": [6, 0.5, 5.5, 2], "texture": "#0"}
			}
		},
		{
			"name": "cube_2",
			"from": [3, 0, 11],
			"to": [4, 1, 14],
			"faces": {
				"north": {"uv": [9, 2, 9.5, 2.5], "texture": "#0"},
				"east": {"uv": [7.5, 2, 9, 2.5], "texture": "#0"},
				"south": {"uv": [11, 2, 11.5, 2.5], "texture": "#0"},
				"west": {"uv": [9.5, 2, 11, 2.5], "texture": "#0"},
				"up": {"uv": [9.5, 2, 9, 0.5], "texture": "#0"},
				"down": {"uv": [10, 0.5, 9.5, 2], "texture": "#0"}
			}
		},
		{
			"name": "cube_2",
			"from": [2, 0, 12],
			"to": [3, 1, 15],
			"faces": {
				"north": {"uv": [9, 2, 9.5, 2.5], "texture": "#0"},
				"east": {"uv": [7.5, 2, 9, 2.5], "texture": "#0"},
				"south": {"uv": [11, 2, 11.5, 2.5], "texture": "#0"},
				"west": {"uv": [9.5, 2, 11, 2.5], "texture": "#0"},
				"up": {"uv": [9.5, 2, 9, 0.5], "texture": "#0"},
				"down": {"uv": [10, 0.5, 9.5, 2], "texture": "#0"}
			}
		},
		{
			"name": "cube_2",
			"from": [4, 0, 10],
			"to": [5, 1, 13],
			"faces": {
				"north": {"uv": [9, 2, 9.5, 2.5], "texture": "#0"},
				"east": {"uv": [7.5, 2, 9, 2.5], "texture": "#0"},
				"south": {"uv": [11, 2, 11.5, 2.5], "texture": "#0"},
				"west": {"uv": [9.5, 2, 11, 2.5], "texture": "#0"},
				"up": {"uv": [9.5, 2, 9, 0.5], "texture": "#0"},
				"down": {"uv": [10, 0.5, 9.5, 2], "texture": "#0"}
			}
		},
		{
			"name": "cube_2",
			"from": [5, 0, 9],
			"to": [6, 1, 12],
			"faces": {
				"north": {"uv": [5, 2, 5.5, 2.5], "texture": "#0"},
				"east": {"uv": [3.5, 2, 5, 2.5], "texture": "#0"},
				"south": {"uv": [7, 2, 7.5, 2.5], "texture": "#0"},
				"west": {"uv": [5.5, 2, 7, 2.5], "texture": "#0"},
				"up": {"uv": [5.5, 2, 5, 0.5], "texture": "#0"},
				"down": {"uv": [6, 0.5, 5.5, 2], "texture": "#0"}
			}
		},
		{
			"name": "cube_2",
			"from": [6, 0, 8],
			"to": [7, 1, 11],
			"faces": {
				"north": {"uv": [5, 2, 5.5, 2.5], "texture": "#0"},
				"east": {"uv": [3.5, 2, 5, 2.5], "texture": "#0"},
				"south": {"uv": [7, 2, 7.5, 2.5], "texture": "#0"},
				"west": {"uv": [5.5, 2, 7, 2.5], "texture": "#0"},
				"up": {"uv": [5.5, 2, 5, 0.5], "texture": "#0"},
				"down": {"uv": [6, 0.5, 5.5, 2], "texture": "#0"}
			}
		},
		{
			"from": [5.3, -2.5, -9],
			"to": [17.3, 3.5, -2],
			"rotation": {"angle": -45, "axis": "y", "origin": [0, 0, 0]},
			"faces": {
				"north": {"uv": [3.5, 7.5, 9.5, 10.5], "texture": "#0"},
				"east": {"uv": [0, 7.5, 3.5, 10.5], "texture": "#0"},
				"south": {"uv": [3.5, 10.5, 9.5, 13.5], "texture": "#0", "cullface": "west"},
				"west": {"uv": [9.5, 7.5, 13, 10.5], "texture": "#0"},
				"up": {"uv": [9.5, 7.5, 3.5, 4], "texture": "#0"},
				"down": {"uv": [15.5, 4, 9.5, 7.5], "texture": "#0"}
			}
		}
	],
	"gui_light": "front",
	"display": {
		"thirdperson_righthand": {
			"rotation": [54, 0, 90],
			"translation": [-7.5, 6, 2]
		},
		"thirdperson_lefthand": {
			"rotation": [54, 0, -90],
			"translation": [7.5, 6, 2]
		},
		"firstperson_righthand": {
			"rotation": [66, 5, 91],
			"translation": [-5.25, 1.75, -1.75],
			"scale": [0.96, 0.96, 0.96]
		},
		"firstperson_lefthand": {
			"rotation": [66, 5, -91],
			"translation": [8, 3.25, -1.75],
			"scale": [0.96, 0.96, 0.96]
		},
		"ground": {
			"rotation": [0, 0, 90],
			"translation": [-8, 4.25, 0]
		},
		"gui": {
			"rotation": [90, 0, 0],
			"translation": [-1, -0.75, 0]
		},
		"head": {
			"rotation": [0, 0, -90],
			"translation": [7.5, 12.75, 7.25]
		},
		"fixed": {
			"rotation": [90, 90, 0],
			"translation": [1, -1.5, 8.25],
			"scale": [1.2, 1.2, 1.2]
		}
	},
	"groups": [
		{
			"name": "Pommel",
			"origin": [8, 8, 8],
			"color": 0,
			"nbt": "{}",
			"armAnimationEnabled": false,
			"children": [0, 1, 2]
		},
		{
			"name": "Handle",
			"origin": [0, 0, 0],
			"color": 0,
			"nbt": "{}",
			"armAnimationEnabled": false,
			"children": [3, 4, 5, 6, 7, 8, 9, 10, 11, 12, 13]
		},
		{
			"name": "Head",
			"origin": [8, 8, 8],
			"color": 0,
			"nbt": "{}",
			"armAnimationEnabled": false,
			"children": [14]
		}
	]
}