{
	"credit": "Made by ShadowAlzazel with Blockbench",
	"texture_size": [32, 32],
	"textures": {
		"1": "weapons/iron_dagger_texture"
	},
	"elements": [
		{
			"from": [1, 0, 13],
			"to": [2, 1, 15],
			"faces": {
				"north": {"uv": [6, 1, 6.5, 1.5], "texture": "#1"},
				"east": {"uv": [5, 1, 6, 1.5], "texture": "#1"},
				"south": {"uv": [7.5, 1, 8, 1.5], "texture": "#1"},
				"west": {"uv": [6.5, 1, 7.5, 1.5], "texture": "#1"},
				"up": {"uv": [6.5, 1, 6, 0], "texture": "#1"},
				"down": {"uv": [7, 0, 6.5, 1], "texture": "#1"}
			}
		},
		{
			"from": [2, 0, 14],
			"to": [3, 1, 15],
			"faces": {
				"north": {"uv": [0.5, 5.5, 1, 6], "texture": "#1"},
				"east": {"uv": [0, 5.5, 0.5, 6], "texture": "#1"},
				"south": {"uv": [1.5, 5.5, 2, 6], "texture": "#1"},
				"west": {"uv": [1, 5.5, 1.5, 6], "texture": "#1"},
				"up": {"uv": [1, 5.5, 0.5, 5], "texture": "#1"},
				"down": {"uv": [1.5, 5, 1, 5.5], "texture": "#1"}
			}
		},
		{
			"name": "cube_1",
			"from": [5, 0, 11],
			"to": [6, 1, 12],
			"faces": {
				"north": {"uv": [0.5, 3.5, 1, 4], "texture": "#1"},
				"east": {"uv": [0, 3.5, 0.5, 4], "texture": "#1"},
				"south": {"uv": [1.5, 3.5, 2, 4], "texture": "#1"},
				"west": {"uv": [1, 3.5, 1.5, 4], "texture": "#1"},
				"up": {"uv": [1, 3.5, 0.5, 3], "texture": "#1"},
				"down": {"uv": [1.5, 3, 1, 3.5], "texture": "#1"}
			}
		},
		{
			"from": [5, 0, 10],
			"to": [6, 1, 11],
			"faces": {
				"north": {"uv": [0.5, 4.5, 1, 5], "texture": "#1"},
				"east": {"uv": [0, 4.5, 0.5, 5], "texture": "#1"},
				"south": {"uv": [1.5, 4.5, 2, 5], "texture": "#1"},
				"west": {"uv": [1, 4.5, 1.5, 5], "texture": "#1"},
				"up": {"uv": [1, 4.5, 0.5, 4], "texture": "#1"},
				"down": {"uv": [1.5, 4, 1, 4.5], "texture": "#1"}
			}
		},
		{
			"from": [2, 0, 13],
			"to": [3, 1, 14],
			"faces": {
				"north": {"uv": [0.5, 4.5, 1, 5], "texture": "#1"},
				"east": {"uv": [0, 4.5, 0.5, 5], "texture": "#1"},
				"south": {"uv": [1.5, 4.5, 2, 5], "texture": "#1"},
				"west": {"uv": [1, 4.5, 1.5, 5], "texture": "#1"},
				"up": {"uv": [1, 4.5, 0.5, 4], "texture": "#1"},
				"down": {"uv": [1.5, 4, 1, 4.5], "texture": "#1"}
			}
		},
		{
			"name": "cube_2",
			"from": [3, 0, 11],
			"to": [4, 1, 14],
			"faces": {
				"north": {"uv": [5, 2, 5.5, 2.5], "texture": "#1"},
				"east": {"uv": [3.5, 2, 5, 2.5], "texture": "#1"},
				"south": {"uv": [7, 2, 7.5, 2.5], "texture": "#1"},
				"west": {"uv": [5.5, 2, 7, 2.5], "texture": "#1"},
				"up": {"uv": [5.5, 2, 5, 0.5], "texture": "#1"},
				"down": {"uv": [6, 0.5, 5.5, 2], "texture": "#1"}
			}
		},
		{
			"name": "cube_2",
			"from": [4, 0, 10],
			"to": [5, 1, 13],
			"faces": {
				"north": {"uv": [5, 2, 5.5, 2.5], "texture": "#1"},
				"east": {"uv": [3.5, 2, 5, 2.5], "texture": "#1"},
				"south": {"uv": [7, 2, 7.5, 2.5], "texture": "#1"},
				"west": {"uv": [5.5, 2, 7, 2.5], "texture": "#1"},
				"up": {"uv": [5.5, 2, 5, 0.5], "texture": "#1"},
				"down": {"uv": [6, 0.5, 5.5, 2], "texture": "#1"}
			}
		},
		{
			"name": "cube_2",
			"from": [2, 0, 12],
			"to": [3, 1, 13],
			"faces": {
				"north": {"uv": [5, 2, 5.5, 2.5], "texture": "#1"},
				"east": {"uv": [4.5, 2, 5, 2.5], "texture": "#1"},
				"south": {"uv": [6, 2, 6.5, 2.5], "texture": "#1"},
				"west": {"uv": [5.5, 2, 6, 2.5], "texture": "#1"},
				"up": {"uv": [5.5, 2, 5, 1.5], "texture": "#1"},
				"down": {"uv": [6, 1.5, 5.5, 2], "texture": "#1"}
			}
		},
		{
			"from": [4, 0, 9],
			"to": [8, 1, 10],
			"faces": {
				"north": {"uv": [0.5, 14, 2.5, 14.5], "texture": "#1"},
				"east": {"uv": [0, 14, 0.5, 14.5], "texture": "#1"},
				"south": {"uv": [3, 14, 5, 14.5], "texture": "#1"},
				"west": {"uv": [2.5, 14, 3, 14.5], "texture": "#1"},
				"up": {"uv": [2.5, 14, 0.5, 13.5], "texture": "#1"},
				"down": {"uv": [4.5, 13.5, 2.5, 14], "texture": "#1"}
			}
		},
		{
			"from": [6, 0, 10],
			"to": [8, 1, 11],
			"faces": {
				"north": {"uv": [0.5, 15.5, 1.5, 16], "texture": "#1"},
				"east": {"uv": [0, 15.5, 0.5, 16], "texture": "#1"},
				"south": {"uv": [2, 15.5, 3, 16], "texture": "#1"},
				"west": {"uv": [1.5, 15.5, 2, 16], "texture": "#1"},
				"up": {"uv": [1.5, 15.5, 0.5, 15], "texture": "#1"},
				"down": {"uv": [2.5, 15, 1.5, 15.5], "texture": "#1"}
			}
		},
		{
			"from": [5, 0, 8],
			"to": [6, 1, 9],
			"faces": {
				"north": {"uv": [0.5, 0.5, 1, 1], "texture": "#1"},
				"east": {"uv": [0, 0.5, 0.5, 1], "texture": "#1"},
				"south": {"uv": [1.5, 0.5, 2, 1], "texture": "#1"},
				"west": {"uv": [1, 0.5, 1.5, 1], "texture": "#1"},
				"up": {"uv": [1, 0.5, 0.5, 0], "texture": "#1"},
				"down": {"uv": [1.5, 0, 1, 0.5], "texture": "#1"}
			}
		},
		{
			"from": [6, 0, 8],
			"to": [9, 1, 9],
			"faces": {
				"north": {"uv": [0.5, 12, 2, 12.5], "texture": "#1"},
				"east": {"uv": [0, 12, 0.5, 12.5], "texture": "#1"},
				"south": {"uv": [2.5, 12, 4, 12.5], "texture": "#1"},
				"west": {"uv": [2, 12, 2.5, 12.5], "texture": "#1"},
				"up": {"uv": [2, 12, 0.5, 11.5], "texture": "#1"},
				"down": {"uv": [3.5, 11.5, 2, 12], "texture": "#1"}
			}
		},
		{
			"from": [7, 0, 7],
			"to": [10, 1, 8],
			"faces": {
				"north": {"uv": [0.5, 10.5, 2, 11], "texture": "#1"},
				"east": {"uv": [0, 10.5, 0.5, 11], "texture": "#1"},
				"south": {"uv": [2.5, 10.5, 4, 11], "texture": "#1"},
				"west": {"uv": [2, 10.5, 2.5, 11], "texture": "#1"},
				"up": {"uv": [2, 10.5, 0.5, 10], "texture": "#1"},
				"down": {"uv": [3.5, 10, 2, 10.5], "texture": "#1"}
			}
		},
		{
			"from": [8, 0, 6],
			"to": [11, 1, 7],
			"faces": {
				"north": {"uv": [0.5, 6.5, 2, 7], "texture": "#1"},
				"east": {"uv": [0, 6.5, 0.5, 7], "texture": "#1"},
				"south": {"uv": [2.5, 6.5, 4, 7], "texture": "#1"},
				"west": {"uv": [2, 6.5, 2.5, 7], "texture": "#1"},
				"up": {"uv": [2, 6.5, 0.5, 6], "texture": "#1"},
				"down": {"uv": [3.5, 6, 2, 6.5], "texture": "#1"}
			}
		},
		{
			"from": [9, 0, 5],
			"to": [12, 1, 6],
			"faces": {
				"north": {"uv": [0.5, 8, 2, 8.5], "texture": "#1"},
				"east": {"uv": [0, 8, 0.5, 8.5], "texture": "#1"},
				"south": {"uv": [2.5, 8, 4, 8.5], "texture": "#1"},
				"west": {"uv": [2, 8, 2.5, 8.5], "texture": "#1"},
				"up": {"uv": [2, 8, 0.5, 7.5], "texture": "#1"},
				"down": {"uv": [3.5, 7.5, 2, 8], "texture": "#1"}
			}
		},
		{
			"from": [11, 0, 3],
			"to": [15, 1, 4],
			"faces": {
				"north": {"uv": [0.5, 9, 2.5, 9.5], "texture": "#1"},
				"east": {"uv": [0, 9, 0.5, 9.5], "texture": "#1"},
				"south": {"uv": [3, 9, 5, 9.5], "texture": "#1"},
				"west": {"uv": [2.5, 9, 3, 9.5], "texture": "#1"},
				"up": {"uv": [2.5, 9, 0.5, 8.5], "texture": "#1"},
				"down": {"uv": [4.5, 8.5, 2.5, 9], "texture": "#1"}
			}
		},
		{
			"from": [10, 0, 4],
			"to": [14, 1, 5],
			"faces": {
				"north": {"uv": [0.5, 13, 2.5, 13.5], "texture": "#1"},
				"east": {"uv": [0, 13, 0.5, 13.5], "texture": "#1"},
				"south": {"uv": [3, 13, 5, 13.5], "texture": "#1"},
				"west": {"uv": [2.5, 13, 3, 13.5], "texture": "#1"},
				"up": {"uv": [2.5, 13, 0.5, 12.5], "texture": "#1"},
				"down": {"uv": [4.5, 12.5, 2.5, 13], "texture": "#1"}
			}
		}
	],
	"gui_light": "front",
	"display": {
		"thirdperson_righthand": {
			"rotation": [54, 0, 90],
			"translation": [-7.5, 3.5, 1.5]
		},
		"thirdperson_lefthand": {
			"rotation": [54, 0, -90],
			"translation": [7.5, 3.5, 1.5]
		},
		"firstperson_righthand": {
			"rotation": [66, 5, 91],
			"translation": [-5.25, 1.75, -1.75],
			"scale": [0.96, 0.96, 0.96]
		},
		"firstperson_lefthand": {
			"rotation": [66, 5, -91],
			"translation": [8, 3.25, -1.75],
			"scale": [0.96, 0.96, 0.96]
		},
		"ground": {
			"rotation": [0, 0, 90],
			"translation": [-8, 4.25, 0]
		},
		"gui": {
			"rotation": [90, 0, 0],
			"translation": [-1, -0.75, 0]
		},
		"head": {
			"rotation": [0, 0, -90],
			"translation": [7.5, 12.75, 7.25]
		},
		"fixed": {
			"rotation": [90, 90, 0],
			"translation": [1, -1.5, 8.25],
			"scale": [1.2, 1.2, 1.2]
		}
	},
	"groups": [
		{
			"name": "Pommel",
			"origin": [8, 8, 8],
			"color": 0,
			"nbt": "{}",
			"armAnimationEnabled": false,
			"children": [0, 1]
		},
		{
			"name": "Handle",
			"origin": [0, 0, 0],
			"color": 0,
			"nbt": "{}",
			"armAnimationEnabled": false,
			"children": [2, 3, 4, 5, 6, 7]
		},
		{
			"name": "Guard",
			"origin": [8, 8, 8],
			"color": 0,
			"nbt": "{}",
			"armAnimationEnabled": false,
			"children": [8, 9, 10]
		},
		{
			"name": "Blade",
			"origin": [8, 8, 8],
			"color": 0,
			"nbt": "{}",
			"armAnimationEnabled": false,
			"children": [11, 12, 13, 14, 15, 16]
		}
	]
}