{
	"credit": "Made with Blockbench",
	"texture_size": [32, 32],
	"textures": {
		"0": "weapons/stone_halberd_texture",
		"particle": "weapons/stone_halberd_texture"
	},
	"elements": [
		{
			"name": "cube_2",
			"from": [-1, 0, 15],
			"to": [0, 1, 18],
			"faces": {
				"north": {"uv": [5, 2, 5.5, 2.5], "texture": "#0"},
				"east": {"uv": [3.5, 2, 5, 2.5], "texture": "#0"},
				"south": {"uv": [7, 2, 7.5, 2.5], "texture": "#0"},
				"west": {"uv": [5.5, 2, 7, 2.5], "texture": "#0"},
				"up": {"uv": [5.5, 2, 5, 0.5], "texture": "#0"},
				"down": {"uv": [6, 0.5, 5.5, 2], "texture": "#0"}
			}
		},
		{
			"name": "cube_2",
			"from": [-3, 0, 17],
			"to": [-2, 1, 20],
			"faces": {
				"north": {"uv": [5, 2, 5.5, 2.5], "texture": "#0"},
				"east": {"uv": [3.5, 2, 5, 2.5], "texture": "#0"},
				"south": {"uv": [7, 2, 7.5, 2.5], "texture": "#0"},
				"west": {"uv": [5.5, 2, 7, 2.5], "texture": "#0"},
				"up": {"uv": [5.5, 2, 5, 0.5], "texture": "#0"},
				"down": {"uv": [6, 0.5, 5.5, 2], "texture": "#0"}
			}
		},
		{
			"name": "cube_2",
			"from": [-4, 0, 18],
			"to": [-3, 1, 21],
			"faces": {
				"north": {"uv": [5, 2, 5.5, 2.5], "texture": "#0"},
				"east": {"uv": [3.5, 2, 5, 2.5], "texture": "#0"},
				"south": {"uv": [7, 2, 7.5, 2.5], "texture": "#0"},
				"west": {"uv": [5.5, 2, 7, 2.5], "texture": "#0"},
				"up": {"uv": [5.5, 2, 5, 0.5], "texture": "#0"},
				"down": {"uv": [6, 0.5, 5.5, 2], "texture": "#0"}
			}
		},
		{
			"name": "cube_2",
			"from": [-6, 0, 20],
			"to": [-5, 1, 23],
			"faces": {
				"north": {"uv": [5, 2, 5.5, 2.5], "texture": "#0"},
				"east": {"uv": [3.5, 2, 5, 2.5], "texture": "#0"},
				"south": {"uv": [7, 2, 7.5, 2.5], "texture": "#0"},
				"west": {"uv": [5.5, 2, 7, 2.5], "texture": "#0"},
				"up": {"uv": [5.5, 2, 5, 0.5], "texture": "#0"},
				"down": {"uv": [6, 0.5, 5.5, 2], "texture": "#0"}
			}
		},
		{
			"name": "cube_2",
			"from": [-5, 0, 19],
			"to": [-4, 1, 22],
			"faces": {
				"north": {"uv": [5, 2, 5.5, 2.5], "texture": "#0"},
				"east": {"uv": [3.5, 2, 5, 2.5], "texture": "#0"},
				"south": {"uv": [7, 2, 7.5, 2.5], "texture": "#0"},
				"west": {"uv": [5.5, 2, 7, 2.5], "texture": "#0"},
				"up": {"uv": [5.5, 2, 5, 0.5], "texture": "#0"},
				"down": {"uv": [6, 0.5, 5.5, 2], "texture": "#0"}
			}
		},
		{
			"name": "cube_2",
			"from": [5, 0, 9],
			"to": [6, 1, 12],
			"faces": {
				"north": {"uv": [5, 2, 5.5, 2.5], "texture": "#0"},
				"east": {"uv": [3.5, 2, 5, 2.5], "texture": "#0"},
				"south": {"uv": [7, 2, 7.5, 2.5], "texture": "#0"},
				"west": {"uv": [5.5, 2, 7, 2.5], "texture": "#0"},
				"up": {"uv": [5.5, 2, 5, 0.5], "texture": "#0"},
				"down": {"uv": [6, 0.5, 5.5, 2], "texture": "#0"}
			}
		},
		{
			"name": "cube_2",
			"from": [19, 0, -5],
			"to": [20, 1, -2],
			"faces": {
				"north": {"uv": [1.5, 1.5, 2, 2], "texture": "#0"},
				"east": {"uv": [0, 1.5, 1.5, 2], "texture": "#0"},
				"south": {"uv": [3.5, 1.5, 4, 2], "texture": "#0"},
				"west": {"uv": [2, 1.5, 3.5, 2], "texture": "#0"},
				"up": {"uv": [2, 1.5, 1.5, 0], "texture": "#0"},
				"down": {"uv": [2.5, 0, 2, 1.5], "texture": "#0"}
			}
		},
		{
			"name": "cube_2",
			"from": [13, 0, 1],
			"to": [14, 1, 4],
			"faces": {
				"north": {"uv": [1.5, 1.5, 2, 2], "texture": "#0"},
				"east": {"uv": [0, 1.5, 1.5, 2], "texture": "#0"},
				"south": {"uv": [3.5, 1.5, 4, 2], "texture": "#0"},
				"west": {"uv": [2, 1.5, 3.5, 2], "texture": "#0"},
				"up": {"uv": [2, 1.5, 1.5, 0], "texture": "#0"},
				"down": {"uv": [2.5, 0, 2, 1.5], "texture": "#0"}
			}
		},
		{
			"name": "cube_2",
			"from": [17, 0, -3],
			"to": [18, 1, 0],
			"faces": {
				"north": {"uv": [1.5, 1.5, 2, 2], "texture": "#0"},
				"east": {"uv": [0, 1.5, 1.5, 2], "texture": "#0"},
				"south": {"uv": [3.5, 1.5, 4, 2], "texture": "#0"},
				"west": {"uv": [2, 1.5, 3.5, 2], "texture": "#0"},
				"up": {"uv": [2, 1.5, 1.5, 0], "texture": "#0"},
				"down": {"uv": [2.5, 0, 2, 1.5], "texture": "#0"}
			}
		},
		{
			"name": "cube_2",
			"from": [18, 0, -4],
			"to": [19, 1, -1],
			"faces": {
				"north": {"uv": [1.5, 1.5, 2, 2], "texture": "#0"},
				"east": {"uv": [0, 1.5, 1.5, 2], "texture": "#0"},
				"south": {"uv": [3.5, 1.5, 4, 2], "texture": "#0"},
				"west": {"uv": [2, 1.5, 3.5, 2], "texture": "#0"},
				"up": {"uv": [2, 1.5, 1.5, 0], "texture": "#0"},
				"down": {"uv": [2.5, 0, 2, 1.5], "texture": "#0"}
			}
		},
		{
			"name": "cube_2",
			"from": [12, 0, 2],
			"to": [13, 1, 5],
			"faces": {
				"north": {"uv": [1.5, 1.5, 2, 2], "texture": "#0"},
				"east": {"uv": [0, 1.5, 1.5, 2], "texture": "#0"},
				"south": {"uv": [3.5, 1.5, 4, 2], "texture": "#0"},
				"west": {"uv": [2, 1.5, 3.5, 2], "texture": "#0"},
				"up": {"uv": [2, 1.5, 1.5, 0], "texture": "#0"},
				"down": {"uv": [2.5, 0, 2, 1.5], "texture": "#0"}
			}
		},
		{
			"name": "cube_2",
			"from": [11, 0, 3],
			"to": [12, 1, 6],
			"faces": {
				"north": {"uv": [1.5, 1.5, 2, 2], "texture": "#0"},
				"east": {"uv": [0, 1.5, 1.5, 2], "texture": "#0"},
				"south": {"uv": [3.5, 1.5, 4, 2], "texture": "#0"},
				"west": {"uv": [2, 1.5, 3.5, 2], "texture": "#0"},
				"up": {"uv": [2, 1.5, 1.5, 0], "texture": "#0"},
				"down": {"uv": [2.5, 0, 2, 1.5], "texture": "#0"}
			}
		},
		{
			"name": "cube_2",
			"from": [16, 0, -2],
			"to": [17, 1, 1],
			"faces": {
				"north": {"uv": [1.5, 1.5, 2, 2], "texture": "#0"},
				"east": {"uv": [0, 1.5, 1.5, 2], "texture": "#0"},
				"south": {"uv": [3.5, 1.5, 4, 2], "texture": "#0"},
				"west": {"uv": [2, 1.5, 3.5, 2], "texture": "#0"},
				"up": {"uv": [2, 1.5, 1.5, 0], "texture": "#0"},
				"down": {"uv": [2.5, 0, 2, 1.5], "texture": "#0"}
			}
		},
		{
			"name": "cube_2",
			"from": [15, 0, -1],
			"to": [16, 1, 2],
			"faces": {
				"north": {"uv": [1.5, 1.5, 2, 2], "texture": "#0"},
				"east": {"uv": [0, 1.5, 1.5, 2], "texture": "#0"},
				"south": {"uv": [3.5, 1.5, 4, 2], "texture": "#0"},
				"west": {"uv": [2, 1.5, 3.5, 2], "texture": "#0"},
				"up": {"uv": [2, 1.5, 1.5, 0], "texture": "#0"},
				"down": {"uv": [2.5, 0, 2, 1.5], "texture": "#0"}
			}
		},
		{
			"name": "cube_2",
			"from": [14, 0, 0],
			"to": [15, 1, 3],
			"faces": {
				"north": {"uv": [1.5, 1.5, 2, 2], "texture": "#0"},
				"east": {"uv": [0, 1.5, 1.5, 2], "texture": "#0"},
				"south": {"uv": [3.5, 1.5, 4, 2], "texture": "#0"},
				"west": {"uv": [2, 1.5, 3.5, 2], "texture": "#0"},
				"up": {"uv": [2, 1.5, 1.5, 0], "texture": "#0"},
				"down": {"uv": [2.5, 0, 2, 1.5], "texture": "#0"}
			}
		},
		{
			"name": "cube_2",
			"from": [3, 0, 11],
			"to": [4, 1, 14],
			"faces": {
				"north": {"uv": [5, 2, 5.5, 2.5], "texture": "#0"},
				"east": {"uv": [3.5, 2, 5, 2.5], "texture": "#0"},
				"south": {"uv": [7, 2, 7.5, 2.5], "texture": "#0"},
				"west": {"uv": [5.5, 2, 7, 2.5], "texture": "#0"},
				"up": {"uv": [5.5, 2, 5, 0.5], "texture": "#0"},
				"down": {"uv": [6, 0.5, 5.5, 2], "texture": "#0"}
			}
		},
		{
			"name": "cube_2",
			"from": [1, 0, 13],
			"to": [2, 1, 16],
			"faces": {
				"north": {"uv": [5, 2, 5.5, 2.5], "texture": "#0"},
				"east": {"uv": [3.5, 2, 5, 2.5], "texture": "#0"},
				"south": {"uv": [7, 2, 7.5, 2.5], "texture": "#0"},
				"west": {"uv": [5.5, 2, 7, 2.5], "texture": "#0"},
				"up": {"uv": [5.5, 2, 5, 0.5], "texture": "#0"},
				"down": {"uv": [6, 0.5, 5.5, 2], "texture": "#0"}
			}
		},
		{
			"name": "cube_2",
			"from": [2, 0, 12],
			"to": [3, 1, 15],
			"faces": {
				"north": {"uv": [5, 2, 5.5, 2.5], "texture": "#0"},
				"east": {"uv": [3.5, 2, 5, 2.5], "texture": "#0"},
				"south": {"uv": [7, 2, 7.5, 2.5], "texture": "#0"},
				"west": {"uv": [5.5, 2, 7, 2.5], "texture": "#0"},
				"up": {"uv": [5.5, 2, 5, 0.5], "texture": "#0"},
				"down": {"uv": [6, 0.5, 5.5, 2], "texture": "#0"}
			}
		},
		{
			"name": "cube_2",
			"from": [0, 0, 14],
			"to": [1, 1, 17],
			"faces": {
				"north": {"uv": [5, 2, 5.5, 2.5], "texture": "#0"},
				"east": {"uv": [3.5, 2, 5, 2.5], "texture": "#0"},
				"south": {"uv": [7, 2, 7.5, 2.5], "texture": "#0"},
				"west": {"uv": [5.5, 2, 7, 2.5], "texture": "#0"},
				"up": {"uv": [5.5, 2, 5, 0.5], "texture": "#0"},
				"down": {"uv": [6, 0.5, 5.5, 2], "texture": "#0"}
			}
		},
		{
			"name": "cube_2",
			"from": [4, 0, 10],
			"to": [5, 1, 13],
			"faces": {
				"north": {"uv": [5, 2, 5.5, 2.5], "texture": "#0"},
				"east": {"uv": [3.5, 2, 5, 2.5], "texture": "#0"},
				"south": {"uv": [7, 2, 7.5, 2.5], "texture": "#0"},
				"west": {"uv": [5.5, 2, 7, 2.5], "texture": "#0"},
				"up": {"uv": [5.5, 2, 5, 0.5], "texture": "#0"},
				"down": {"uv": [6, 0.5, 5.5, 2], "texture": "#0"}
			}
		},
		{
			"name": "cube_2",
			"from": [6, 0, 8],
			"to": [7, 1, 11],
			"faces": {
				"north": {"uv": [5, 2, 5.5, 2.5], "texture": "#0"},
				"east": {"uv": [3.5, 2, 5, 2.5], "texture": "#0"},
				"south": {"uv": [7, 2, 7.5, 2.5], "texture": "#0"},
				"west": {"uv": [5.5, 2, 7, 2.5], "texture": "#0"},
				"up": {"uv": [5.5, 2, 5, 0.5], "texture": "#0"},
				"down": {"uv": [6, 0.5, 5.5, 2], "texture": "#0"}
			}
		},
		{
			"name": "cube_2",
			"from": [-8, 0, 23],
			"to": [-7, 1, 24],
			"faces": {
				"north": {"uv": [5, 4.5, 5.5, 5], "texture": "#0"},
				"east": {"uv": [4.5, 4.5, 5, 5], "texture": "#0"},
				"south": {"uv": [6, 4.5, 6.5, 5], "texture": "#0"},
				"west": {"uv": [5.5, 4.5, 6, 5], "texture": "#0"},
				"up": {"uv": [5.5, 4.5, 5, 4], "texture": "#0"},
				"down": {"uv": [6, 4, 5.5, 4.5], "texture": "#0"}
			}
		},
		{
			"name": "cube_2",
			"from": [20, 0, -4],
			"to": [21, 1, -3],
			"faces": {
				"north": {"uv": [5, 7.5, 5.5, 8], "texture": "#0"},
				"east": {"uv": [4.5, 7.5, 5, 8], "texture": "#0"},
				"south": {"uv": [6, 7.5, 6.5, 8], "texture": "#0"},
				"west": {"uv": [5.5, 7.5, 6, 8], "texture": "#0"},
				"up": {"uv": [5.5, 7.5, 5, 7], "texture": "#0"},
				"down": {"uv": [6, 7, 5.5, 7.5], "texture": "#0"}
			}
		},
		{
			"name": "cube_2",
			"from": [9, 0, 5],
			"to": [10, 1, 8],
			"faces": {
				"north": {"uv": [5, 2, 5.5, 2.5], "texture": "#0"},
				"east": {"uv": [3.5, 2, 5, 2.5], "texture": "#0"},
				"south": {"uv": [7, 2, 7.5, 2.5], "texture": "#0"},
				"west": {"uv": [5.5, 2, 7, 2.5], "texture": "#0"},
				"up": {"uv": [5.5, 2, 5, 0.5], "texture": "#0"},
				"down": {"uv": [6, 0.5, 5.5, 2], "texture": "#0"}
			}
		},
		{
			"name": "cube_2",
			"from": [8, 0, 6],
			"to": [9, 1, 9],
			"faces": {
				"north": {"uv": [5, 2, 5.5, 2.5], "texture": "#0"},
				"east": {"uv": [3.5, 2, 5, 2.5], "texture": "#0"},
				"south": {"uv": [7, 2, 7.5, 2.5], "texture": "#0"},
				"west": {"uv": [5.5, 2, 7, 2.5], "texture": "#0"},
				"up": {"uv": [5.5, 2, 5, 0.5], "texture": "#0"},
				"down": {"uv": [6, 0.5, 5.5, 2], "texture": "#0"}
			}
		},
		{
			"name": "cube_2",
			"from": [7, 0, 7],
			"to": [8, 1, 10],
			"faces": {
				"north": {"uv": [5, 2, 5.5, 2.5], "texture": "#0"},
				"east": {"uv": [3.5, 2, 5, 2.5], "texture": "#0"},
				"south": {"uv": [7, 2, 7.5, 2.5], "texture": "#0"},
				"west": {"uv": [5.5, 2, 7, 2.5], "texture": "#0"},
				"up": {"uv": [5.5, 2, 5, 0.5], "texture": "#0"},
				"down": {"uv": [6, 0.5, 5.5, 2], "texture": "#0"}
			}
		},
		{
			"name": "cube_2",
			"from": [10, 0, 4],
			"to": [11, 1, 7],
			"faces": {
				"north": {"uv": [5, 2, 5.5, 2.5], "texture": "#0"},
				"east": {"uv": [3.5, 2, 5, 2.5], "texture": "#0"},
				"south": {"uv": [7, 2, 7.5, 2.5], "texture": "#0"},
				"west": {"uv": [5.5, 2, 7, 2.5], "texture": "#0"},
				"up": {"uv": [5.5, 2, 5, 0.5], "texture": "#0"},
				"down": {"uv": [6, 0.5, 5.5, 2], "texture": "#0"}
			}
		},
		{
			"name": "cube_2",
			"from": [-2, 0, 16],
			"to": [-1, 1, 19],
			"faces": {
				"north": {"uv": [5, 2, 5.5, 2.5], "texture": "#0"},
				"east": {"uv": [3.5, 2, 5, 2.5], "texture": "#0"},
				"south": {"uv": [7, 2, 7.5, 2.5], "texture": "#0"},
				"west": {"uv": [5.5, 2, 7, 2.5], "texture": "#0"},
				"up": {"uv": [5.5, 2, 5, 0.5], "texture": "#0"},
				"down": {"uv": [6, 0.5, 5.5, 2], "texture": "#0"}
			}
		},
		{
			"name": "cube_2",
			"from": [-7, 0, 21],
			"to": [-6, 1, 24],
			"faces": {
				"north": {"uv": [5, 2, 5.5, 2.5], "texture": "#0"},
				"east": {"uv": [3.5, 2, 5, 2.5], "texture": "#0"},
				"south": {"uv": [7, 2, 7.5, 2.5], "texture": "#0"},
				"west": {"uv": [5.5, 2, 7, 2.5], "texture": "#0"},
				"up": {"uv": [5.5, 2, 5, 0.5], "texture": "#0"},
				"down": {"uv": [6, 0.5, 5.5, 2], "texture": "#0"}
			}
		},
		{
			"name": "cube_2",
			"from": [-8, 0, 22],
			"to": [-7, 1, 23],
			"faces": {
				"north": {"uv": [5, 2, 5.5, 2.5], "texture": "#0"},
				"east": {"uv": [4.5, 2, 5, 2.5], "texture": "#0"},
				"south": {"uv": [6, 2, 6.5, 2.5], "texture": "#0"},
				"west": {"uv": [5.5, 2, 6, 2.5], "texture": "#0"},
				"up": {"uv": [5.5, 2, 5, 1.5], "texture": "#0"},
				"down": {"uv": [6, 1.5, 5.5, 2], "texture": "#0"}
			}
		},
		{
			"from": [18, 0, -9],
			"to": [20, 1, -7],
			"faces": {
				"north": {"uv": [13, 5.5, 14, 6], "texture": "#0"},
				"east": {"uv": [12, 5.5, 13, 6], "texture": "#0"},
				"south": {"uv": [15, 5.5, 16, 6], "texture": "#0"},
				"west": {"uv": [14, 5.5, 15, 6], "texture": "#0"},
				"up": {"uv": [14, 5.5, 13, 4.5], "texture": "#0"},
				"down": {"uv": [15, 4.5, 14, 5.5], "texture": "#0"}
			}
		},
		{
			"from": [22, 0, -8],
			"to": [24, 1, -7],
			"faces": {
				"north": {"uv": [12.5, 11, 13.5, 11.5], "texture": "#0"},
				"east": {"uv": [12, 11, 12.5, 11.5], "texture": "#0"},
				"south": {"uv": [14, 11, 15, 11.5], "texture": "#0"},
				"west": {"uv": [13.5, 11, 14, 11.5], "texture": "#0"},
				"up": {"uv": [13.5, 11, 12.5, 10.5], "texture": "#0"},
				"down": {"uv": [14.5, 10.5, 13.5, 11], "texture": "#0"}
			}
		},
		{
			"from": [23, 0, -9],
			"to": [25, 1, -8],
			"faces": {
				"north": {"uv": [12.5, 9.5, 13.5, 10], "texture": "#0"},
				"east": {"uv": [12, 9.5, 12.5, 10], "texture": "#0"},
				"south": {"uv": [14, 9.5, 15, 10], "texture": "#0"},
				"west": {"uv": [13.5, 9.5, 14, 10], "texture": "#0"},
				"up": {"uv": [13.5, 9.5, 12.5, 9], "texture": "#0"},
				"down": {"uv": [14.5, 9, 13.5, 9.5], "texture": "#0"}
			}
		},
		{
			"from": [18, 0, -7],
			"to": [20, 1, -6],
			"faces": {
				"north": {"uv": [0.5, 11, 1.5, 11.5], "texture": "#0"},
				"east": {"uv": [0, 11, 0.5, 11.5], "texture": "#0"},
				"south": {"uv": [2, 11, 3, 11.5], "texture": "#0"},
				"west": {"uv": [1.5, 11, 2, 11.5], "texture": "#0"},
				"up": {"uv": [1.5, 11, 0.5, 10.5], "texture": "#0"},
				"down": {"uv": [2.5, 10.5, 1.5, 11], "texture": "#0"}
			}
		},
		{
			"from": [23, 0, -4],
			"to": [24, 1, -3],
			"faces": {
				"north": {"uv": [14.5, 15.5, 15, 16], "texture": "#0"},
				"east": {"uv": [14, 15.5, 14.5, 16], "texture": "#0"},
				"south": {"uv": [15.5, 15.5, 16, 16], "texture": "#0"},
				"west": {"uv": [15, 15.5, 15.5, 16], "texture": "#0"},
				"up": {"uv": [15, 15.5, 14.5, 15], "texture": "#0"},
				"down": {"uv": [15.5, 15, 15, 15.5], "texture": "#0"}
			}
		},
		{
			"from": [24, 0, -3],
			"to": [25, 1, -2],
			"faces": {
				"north": {"uv": [14.5, 15.5, 15, 16], "texture": "#0"},
				"east": {"uv": [14, 15.5, 14.5, 16], "texture": "#0"},
				"south": {"uv": [15.5, 15.5, 16, 16], "texture": "#0"},
				"west": {"uv": [15, 15.5, 15.5, 16], "texture": "#0"},
				"up": {"uv": [15, 15.5, 14.5, 15], "texture": "#0"},
				"down": {"uv": [15.5, 15, 15, 15.5], "texture": "#0"}
			}
		},
		{
			"from": [23, 0, -7],
			"to": [24, 1, -6],
			"faces": {
				"north": {"uv": [5, 7.5, 5.5, 8], "texture": "#0"},
				"east": {"uv": [4.5, 7.5, 5, 8], "texture": "#0"},
				"south": {"uv": [6, 7.5, 6.5, 8], "texture": "#0"},
				"west": {"uv": [5.5, 7.5, 6, 8], "texture": "#0"},
				"up": {"uv": [5.5, 7.5, 5, 7], "texture": "#0"},
				"down": {"uv": [6, 7, 5.5, 7.5], "texture": "#0"}
			}
		},
		{
			"from": [24, 0, -8],
			"to": [25, 1, -7],
			"faces": {
				"north": {"uv": [5, 8.5, 5.5, 9], "texture": "#0"},
				"east": {"uv": [4.5, 8.5, 5, 9], "texture": "#0"},
				"south": {"uv": [6, 8.5, 6.5, 9], "texture": "#0"},
				"west": {"uv": [5.5, 8.5, 6, 9], "texture": "#0"},
				"up": {"uv": [5.5, 8.5, 5, 8], "texture": "#0"},
				"down": {"uv": [6, 8, 5.5, 8.5], "texture": "#0"}
			}
		},
		{
			"from": [23, 0, -5],
			"to": [24, 1, -4],
			"faces": {
				"north": {"uv": [5, 9.5, 5.5, 10], "texture": "#0"},
				"east": {"uv": [4.5, 9.5, 5, 10], "texture": "#0"},
				"south": {"uv": [6, 9.5, 6.5, 10], "texture": "#0"},
				"west": {"uv": [5.5, 9.5, 6, 10], "texture": "#0"},
				"up": {"uv": [5.5, 9.5, 5, 9], "texture": "#0"},
				"down": {"uv": [6, 9, 5.5, 9.5], "texture": "#0"}
			}
		},
		{
			"from": [22, 0, -4],
			"to": [23, 1, -3],
			"faces": {
				"north": {"uv": [5, 9.5, 5.5, 10], "texture": "#0"},
				"east": {"uv": [4.5, 9.5, 5, 10], "texture": "#0"},
				"south": {"uv": [6, 9.5, 6.5, 10], "texture": "#0"},
				"west": {"uv": [5.5, 9.5, 6, 10], "texture": "#0"},
				"up": {"uv": [5.5, 9.5, 5, 9], "texture": "#0"},
				"down": {"uv": [6, 9, 5.5, 9.5], "texture": "#0"}
			}
		},
		{
			"from": [23, 0, -5],
			"to": [24, 1, -4],
			"faces": {
				"north": {"uv": [5, 9.5, 5.5, 10], "texture": "#0"},
				"east": {"uv": [4.5, 9.5, 5, 10], "texture": "#0"},
				"south": {"uv": [6, 9.5, 6.5, 10], "texture": "#0"},
				"west": {"uv": [5.5, 9.5, 6, 10], "texture": "#0"},
				"up": {"uv": [5.5, 9.5, 5, 9], "texture": "#0"},
				"down": {"uv": [6, 9, 5.5, 9.5], "texture": "#0"}
			}
		},
		{
			"from": [20, 0, -7],
			"to": [23, 1, -4],
			"faces": {
				"north": {"uv": [11.5, 1.5, 13, 2], "texture": "#0"},
				"east": {"uv": [10, 1.5, 11.5, 2], "texture": "#0"},
				"south": {"uv": [14.5, 1.5, 16, 2], "texture": "#0"},
				"west": {"uv": [13, 1.5, 14.5, 2], "texture": "#0"},
				"up": {"uv": [13, 1.5, 11.5, 0], "texture": "#0"},
				"down": {"uv": [14.5, 0, 13, 1.5], "texture": "#0"}
			}
		},
		{
			"from": [20, 0, -9],
			"to": [21, 1, -7],
			"faces": {
				"north": {"uv": [9, 12.5, 9.5, 13], "texture": "#0"},
				"east": {"uv": [8, 12.5, 9, 13], "texture": "#0"},
				"south": {"uv": [10.5, 12.5, 11, 13], "texture": "#0"},
				"west": {"uv": [9.5, 12.5, 10.5, 13], "texture": "#0"},
				"up": {"uv": [9.5, 12.5, 9, 11.5], "texture": "#0"},
				"down": {"uv": [10, 11.5, 9.5, 12.5], "texture": "#0"}
			}
		},
		{
			"from": [18, 0, -10],
			"to": [22, 1, -9],
			"faces": {
				"north": {"uv": [2.5, 15.5, 4.5, 16], "texture": "#0"},
				"east": {"uv": [2, 15.5, 2.5, 16], "texture": "#0"},
				"south": {"uv": [5, 15.5, 7, 16], "texture": "#0"},
				"west": {"uv": [4.5, 15.5, 5, 16], "texture": "#0"},
				"up": {"uv": [4.5, 15.5, 2.5, 15], "texture": "#0"},
				"down": {"uv": [6.5, 15, 4.5, 15.5], "texture": "#0"}
			}
		},
		{
			"from": [20, 0, -11],
			"to": [23, 1, -10],
			"faces": {
				"north": {"uv": [12.5, 6.5, 14, 7], "texture": "#0"},
				"east": {"uv": [12, 6.5, 12.5, 7], "texture": "#0"},
				"south": {"uv": [14.5, 6.5, 16, 7], "texture": "#0"},
				"west": {"uv": [14, 6.5, 14.5, 7], "texture": "#0"},
				"up": {"uv": [14, 6.5, 12.5, 6], "texture": "#0"},
				"down": {"uv": [15.5, 6, 14, 6.5], "texture": "#0"}
			}
		},
		{
			"from": [17, 0, -9],
			"to": [18, 1, -5],
			"faces": {
				"north": {"uv": [9, 7, 9.5, 7.5], "texture": "#0"},
				"east": {"uv": [7, 7, 9, 7.5], "texture": "#0"},
				"south": {"uv": [11.5, 7, 12, 7.5], "texture": "#0"},
				"west": {"uv": [9.5, 7, 11.5, 7.5], "texture": "#0"},
				"up": {"uv": [9.5, 7, 9, 5], "texture": "#0"},
				"down": {"uv": [10, 5, 9.5, 7], "texture": "#0"}
			}
		},
		{
			"from": [16, 0, -7],
			"to": [17, 1, -4],
			"faces": {
				"north": {"uv": [9, 15.5, 9.5, 16], "texture": "#0"},
				"east": {"uv": [7.5, 15.5, 9, 16], "texture": "#0"},
				"south": {"uv": [11, 15.5, 11.5, 16], "texture": "#0"},
				"west": {"uv": [9.5, 15.5, 11, 16], "texture": "#0"},
				"up": {"uv": [9.5, 15.5, 9, 14], "texture": "#0"},
				"down": {"uv": [10, 14, 9.5, 15.5], "texture": "#0"}
			}
		},
		{
			"from": [27, 0, -12],
			"to": [28, 1, -11],
			"faces": {
				"north": {"uv": [5, 6.5, 5.5, 7], "texture": "#0"},
				"east": {"uv": [4.5, 6.5, 5, 7], "texture": "#0"},
				"south": {"uv": [6, 6.5, 6.5, 7], "texture": "#0"},
				"west": {"uv": [5.5, 6.5, 6, 7], "texture": "#0"},
				"up": {"uv": [5.5, 6.5, 5, 6], "texture": "#0"},
				"down": {"uv": [6, 6, 5.5, 6.5], "texture": "#0"}
			}
		},
		{
			"from": [28, 0, -13],
			"to": [29, 1, -12],
			"faces": {
				"north": {"uv": [5, 11.5, 5.5, 12], "texture": "#0"},
				"east": {"uv": [4.5, 11.5, 5, 12], "texture": "#0"},
				"south": {"uv": [6, 11.5, 6.5, 12], "texture": "#0"},
				"west": {"uv": [5.5, 11.5, 6, 12], "texture": "#0"},
				"up": {"uv": [5.5, 11.5, 5, 11], "texture": "#0"},
				"down": {"uv": [6, 11, 5.5, 11.5], "texture": "#0"}
			}
		},
		{
			"from": [25, 0, -10],
			"to": [26, 1, -9],
			"faces": {
				"north": {"uv": [5, 5.5, 5.5, 6], "texture": "#0"},
				"east": {"uv": [4.5, 5.5, 5, 6], "texture": "#0"},
				"south": {"uv": [6, 5.5, 6.5, 6], "texture": "#0"},
				"west": {"uv": [5.5, 5.5, 6, 6], "texture": "#0"},
				"up": {"uv": [5.5, 5.5, 5, 5], "texture": "#0"},
				"down": {"uv": [6, 5, 5.5, 5.5], "texture": "#0"}
			}
		},
		{
			"from": [24, 0, -2],
			"to": [25, 1, -1],
			"faces": {
				"north": {"uv": [5, 10.5, 5.5, 11], "texture": "#0"},
				"east": {"uv": [4.5, 10.5, 5, 11], "texture": "#0"},
				"south": {"uv": [6, 10.5, 6.5, 11], "texture": "#0"},
				"west": {"uv": [5.5, 10.5, 6, 11], "texture": "#0"},
				"up": {"uv": [5.5, 10.5, 5, 10], "texture": "#0"},
				"down": {"uv": [6, 10, 5.5, 10.5], "texture": "#0"}
			}
		},
		{
			"from": [23, 0, -3],
			"to": [24, 1, -2],
			"faces": {
				"north": {"uv": [5, 10.5, 5.5, 11], "texture": "#0"},
				"east": {"uv": [4.5, 10.5, 5, 11], "texture": "#0"},
				"south": {"uv": [6, 10.5, 6.5, 11], "texture": "#0"},
				"west": {"uv": [5.5, 10.5, 6, 11], "texture": "#0"},
				"up": {"uv": [5.5, 10.5, 5, 10], "texture": "#0"},
				"down": {"uv": [6, 10, 5.5, 10.5], "texture": "#0"}
			}
		},
		{
			"from": [24, 0, -3],
			"to": [25, 1, -2],
			"faces": {
				"north": {"uv": [5, 10.5, 5.5, 11], "texture": "#0"},
				"east": {"uv": [4.5, 10.5, 5, 11], "texture": "#0"},
				"south": {"uv": [6, 10.5, 6.5, 11], "texture": "#0"},
				"west": {"uv": [5.5, 10.5, 6, 11], "texture": "#0"},
				"up": {"uv": [5.5, 10.5, 5, 10], "texture": "#0"},
				"down": {"uv": [6, 10, 5.5, 10.5], "texture": "#0"}
			}
		},
		{
			"from": [26, 0, -11],
			"to": [27, 1, -10],
			"faces": {
				"north": {"uv": [5, 6.5, 5.5, 7], "texture": "#0"},
				"east": {"uv": [4.5, 6.5, 5, 7], "texture": "#0"},
				"south": {"uv": [6, 6.5, 6.5, 7], "texture": "#0"},
				"west": {"uv": [5.5, 6.5, 6, 7], "texture": "#0"},
				"up": {"uv": [5.5, 6.5, 5, 6], "texture": "#0"},
				"down": {"uv": [6, 6, 5.5, 6.5], "texture": "#0"}
			}
		}
	],
	"gui_light": "front",
	"display": {
		"thirdperson_righthand": {
			"rotation": [80, 0, 90],
			"translation": [-7.5, 3.5, 4]
		},
		"thirdperson_lefthand": {
			"rotation": [80, 0, -90],
			"translation": [7.5, 3.5, 4]
		},
		"firstperson_righthand": {
			"rotation": [66, 5, 91],
			"translation": [-5.25, 1.75, -1.75],
			"scale": [0.96, 0.96, 0.96]
		},
		"firstperson_lefthand": {
			"rotation": [66, 5, -91],
			"translation": [8, 3.25, -1.75],
			"scale": [0.96, 0.96, 0.96]
		},
		"ground": {
			"rotation": [0, 0, 90],
			"translation": [-8, 4.25, 0],
			"scale": [0.78, 0.78, 0.77]
		},
		"gui": {
			"rotation": [90, 0, 0],
			"translation": [-1, -0.75, 0]
		},
		"head": {
			"rotation": [0, 0, -90],
			"translation": [7.5, 12.75, 7.25]
		},
		"fixed": {
			"rotation": [90, 90, 0],
			"translation": [1, -1.5, 8.25],
			"scale": [1.2, 1.2, 1.2]
		}
	},
	"groups": [
		{
			"name": "Shaft",
			"origin": [0, 0, 0],
			"color": 0,
			"nbt": "{}",
			"armAnimationEnabled": false,
			"children": [0, 1, 2, 3, 4, 5, 6, 7, 8, 9, 10, 11, 12, 13, 14, 15, 16, 17, 18, 19, 20, 21, 22, 23, 24, 25, 26, 27, 28, 29]
		},
		{
			"name": "Head",
			"origin": [8, 8, 8],
			"color": 0,
			"nbt": "{}",
			"armAnimationEnabled": false,
			"children": [30, 31, 32, 33, 34, 35, 36, 37, 38, 39, 40, 41, 42, 43, 44, 45, 46, 47, 48, 49, 50, 51, 52, 53]
		}
	]
}