{
	"credit": "Made with Blockbench",
	"texture_size": [32, 32],
	"textures": {
		"0": "weapons/wooden_saber_texture",
		"particle": "weapons/wooden_saber_texture"
	},
	"elements": [
		{
			"name": "cube_1",
			"from": [-1, 0, 15],
			"to": [1, 1, 16],
			"faces": {
				"north": {"uv": [5, 2.5, 6, 3], "texture": "#0"},
				"east": {"uv": [4.5, 2.5, 5, 3], "texture": "#0"},
				"south": {"uv": [6.5, 2.5, 7.5, 3], "texture": "#0"},
				"west": {"uv": [6, 2.5, 6.5, 3], "texture": "#0"},
				"up": {"uv": [6, 2.5, 5, 2], "texture": "#0"},
				"down": {"uv": [7, 2, 6, 2.5], "texture": "#0"}
			}
		},
		{
			"name": "cube_2",
			"from": [0, 0, 16],
			"to": [1, 1, 17],
			"faces": {
				"north": {"uv": [6.5, 4.5, 7, 5], "texture": "#0"},
				"east": {"uv": [6, 4.5, 6.5, 5], "texture": "#0"},
				"south": {"uv": [7.5, 4.5, 8, 5], "texture": "#0"},
				"west": {"uv": [7, 4.5, 7.5, 5], "texture": "#0"},
				"up": {"uv": [7, 4.5, 6.5, 4], "texture": "#0"},
				"down": {"uv": [7.5, 4, 7, 4.5], "texture": "#0"}
			}
		},
		{
			"name": "cube_1",
			"from": [0, 0, 14],
			"to": [1, 1, 15],
			"faces": {
				"north": {"uv": [4, 6.5, 4.5, 7], "texture": "#0"},
				"east": {"uv": [3.5, 6.5, 4, 7], "texture": "#0"},
				"south": {"uv": [5, 6.5, 5.5, 7], "texture": "#0"},
				"west": {"uv": [4.5, 6.5, 5, 7], "texture": "#0"},
				"up": {"uv": [4.5, 6.5, 4, 6], "texture": "#0"},
				"down": {"uv": [5, 6, 4.5, 6.5], "texture": "#0"}
			}
		},
		{
			"name": "cube_2",
			"from": [1, 0, 13],
			"to": [2, 1, 16],
			"faces": {
				"north": {"uv": [1.5, 3.5, 2, 4], "texture": "#0"},
				"east": {"uv": [0, 3.5, 1.5, 4], "texture": "#0"},
				"south": {"uv": [3.5, 3.5, 4, 4], "texture": "#0"},
				"west": {"uv": [2, 3.5, 3.5, 4], "texture": "#0"},
				"up": {"uv": [2, 3.5, 1.5, 2], "texture": "#0"},
				"down": {"uv": [2.5, 2, 2, 3.5], "texture": "#0"}
			}
		},
		{
			"name": "cube_2",
			"from": [2, 0, 12],
			"to": [3, 1, 15],
			"faces": {
				"north": {"uv": [1.5, 3.5, 2, 4], "texture": "#0"},
				"east": {"uv": [0, 3.5, 1.5, 4], "texture": "#0"},
				"south": {"uv": [3.5, 3.5, 4, 4], "texture": "#0"},
				"west": {"uv": [2, 3.5, 3.5, 4], "texture": "#0"},
				"up": {"uv": [2, 3.5, 1.5, 2], "texture": "#0"},
				"down": {"uv": [2.5, 2, 2, 3.5], "texture": "#0"}
			}
		},
		{
			"name": "cube_2",
			"from": [3, 0, 11],
			"to": [4, 1, 14],
			"faces": {
				"north": {"uv": [1.5, 3.5, 2, 4], "texture": "#0"},
				"east": {"uv": [0, 3.5, 1.5, 4], "texture": "#0"},
				"south": {"uv": [3.5, 3.5, 4, 4], "texture": "#0"},
				"west": {"uv": [2, 3.5, 3.5, 4], "texture": "#0"},
				"up": {"uv": [2, 3.5, 1.5, 2], "texture": "#0"},
				"down": {"uv": [2.5, 2, 2, 3.5], "texture": "#0"}
			}
		},
		{
			"name": "cube_3",
			"from": [4, 0, 11],
			"to": [5, 1, 12],
			"faces": {
				"north": {"uv": [0.5, 0.5, 1, 1], "texture": "#0"},
				"east": {"uv": [0, 0.5, 0.5, 1], "texture": "#0"},
				"south": {"uv": [1.5, 0.5, 2, 1], "texture": "#0"},
				"west": {"uv": [1, 0.5, 1.5, 1], "texture": "#0"},
				"up": {"uv": [1, 0.5, 0.5, 0], "texture": "#0"},
				"down": {"uv": [1.5, 0, 1, 0.5], "texture": "#0"}
			}
		},
		{
			"name": "cube_4",
			"from": [4, 0, 12],
			"to": [5, 1, 13],
			"faces": {
				"north": {"uv": [2, 6.5, 2.5, 7], "texture": "#0"},
				"east": {"uv": [1.5, 6.5, 2, 7], "texture": "#0"},
				"south": {"uv": [3, 6.5, 3.5, 7], "texture": "#0"},
				"west": {"uv": [2.5, 6.5, 3, 7], "texture": "#0"},
				"up": {"uv": [2.5, 6.5, 2, 6], "texture": "#0"},
				"down": {"uv": [3, 6, 2.5, 6.5], "texture": "#0"}
			}
		},
		{
			"name": "cube_1",
			"from": [6, 0, 11],
			"to": [7, 1, 12],
			"faces": {
				"north": {"uv": [5.5, 1.5, 6, 2], "texture": "#0"},
				"east": {"uv": [5, 1.5, 5.5, 2], "texture": "#0"},
				"south": {"uv": [6.5, 1.5, 7, 2], "texture": "#0"},
				"west": {"uv": [6, 1.5, 6.5, 2], "texture": "#0"},
				"up": {"uv": [6, 1.5, 5.5, 1], "texture": "#0"},
				"down": {"uv": [6.5, 1, 6, 1.5], "texture": "#0"}
			}
		},
		{
			"name": "cube_2",
			"from": [4, 0, 9],
			"to": [5, 1, 11],
			"faces": {
				"north": {"uv": [1, 5, 1.5, 5.5], "texture": "#0"},
				"east": {"uv": [0, 5, 1, 5.5], "texture": "#0"},
				"south": {"uv": [2.5, 5, 3, 5.5], "texture": "#0"},
				"west": {"uv": [1.5, 5, 2.5, 5.5], "texture": "#0"},
				"up": {"uv": [1.5, 5, 1, 4], "texture": "#0"},
				"down": {"uv": [2, 4, 1.5, 5], "texture": "#0"}
			}
		},
		{
			"name": "cube_3",
			"from": [5, 0, 10],
			"to": [6, 1, 12],
			"faces": {
				"north": {"uv": [4, 4.5, 4.5, 5], "texture": "#0"},
				"east": {"uv": [3, 4.5, 4, 5], "texture": "#0"},
				"south": {"uv": [5.5, 4.5, 6, 5], "texture": "#0"},
				"west": {"uv": [4.5, 4.5, 5.5, 5], "texture": "#0"},
				"up": {"uv": [4.5, 4.5, 4, 3.5], "texture": "#0"},
				"down": {"uv": [5, 3.5, 4.5, 4.5], "texture": "#0"}
			}
		},
		{
			"from": [3, 0, 8],
			"to": [4, 1, 10],
			"faces": {
				"north": {"uv": [14, 1, 14.5, 1.5], "texture": "#0"},
				"east": {"uv": [13, 1, 14, 1.5], "texture": "#0"},
				"south": {"uv": [15.5, 1, 16, 1.5], "texture": "#0"},
				"west": {"uv": [14.5, 1, 15.5, 1.5], "texture": "#0"},
				"up": {"uv": [14.5, 1, 14, 0], "texture": "#0"},
				"down": {"uv": [15, 0, 14.5, 1], "texture": "#0"}
			}
		},
		{
			"from": [6, 0, 12],
			"to": [8, 1, 13],
			"faces": {
				"north": {"uv": [13.5, 2.5, 14.5, 3], "texture": "#0"},
				"east": {"uv": [13, 2.5, 13.5, 3], "texture": "#0"},
				"south": {"uv": [15, 2.5, 16, 3], "texture": "#0"},
				"west": {"uv": [14.5, 2.5, 15, 3], "texture": "#0"},
				"up": {"uv": [14.5, 2.5, 13.5, 2], "texture": "#0"},
				"down": {"uv": [15.5, 2, 14.5, 2.5], "texture": "#0"}
			}
		},
		{
			"from": [2, 0, 8],
			"to": [3, 1, 9],
			"faces": {
				"north": {"uv": [14.5, 4.5, 15, 5], "texture": "#0"},
				"east": {"uv": [14, 4.5, 14.5, 5], "texture": "#0"},
				"south": {"uv": [15.5, 4.5, 16, 5], "texture": "#0"},
				"west": {"uv": [15, 4.5, 15.5, 5], "texture": "#0"},
				"up": {"uv": [15, 4.5, 14.5, 4], "texture": "#0"},
				"down": {"uv": [15.5, 4, 15, 4.5], "texture": "#0"}
			}
		},
		{
			"from": [7, 0, 13],
			"to": [8, 1, 14],
			"faces": {
				"north": {"uv": [14.5, 5.5, 15, 6], "texture": "#0"},
				"east": {"uv": [14, 5.5, 14.5, 6], "texture": "#0"},
				"south": {"uv": [15.5, 5.5, 16, 6], "texture": "#0"},
				"west": {"uv": [15, 5.5, 15.5, 6], "texture": "#0"},
				"up": {"uv": [15, 5.5, 14.5, 5], "texture": "#0"},
				"down": {"uv": [15.5, 5, 15, 5.5], "texture": "#0"}
			}
		},
		{
			"from": [5, 0, 9],
			"to": [6, 1, 10],
			"faces": {
				"north": {"uv": [0.5, 7.5, 1, 8], "texture": "#0"},
				"east": {"uv": [0, 7.5, 0.5, 8], "texture": "#0"},
				"south": {"uv": [1.5, 7.5, 2, 8], "texture": "#0"},
				"west": {"uv": [1, 7.5, 1.5, 8], "texture": "#0"},
				"up": {"uv": [1, 7.5, 0.5, 7], "texture": "#0"},
				"down": {"uv": [1.5, 7, 1, 7.5], "texture": "#0"}
			}
		},
		{
			"from": [6, 0, 8],
			"to": [7, 1, 11],
			"faces": {
				"north": {"uv": [1.5, 9.5, 2, 10], "texture": "#0"},
				"east": {"uv": [0, 9.5, 1.5, 10], "texture": "#0"},
				"south": {"uv": [3.5, 9.5, 4, 10], "texture": "#0"},
				"west": {"uv": [2, 9.5, 3.5, 10], "texture": "#0"},
				"up": {"uv": [2, 9.5, 1.5, 8], "texture": "#0"},
				"down": {"uv": [2.5, 8, 2, 9.5], "texture": "#0"}
			}
		},
		{
			"from": [7, 0, 7],
			"to": [8, 1, 10],
			"faces": {
				"north": {"uv": [1.5, 9.5, 2, 10], "texture": "#0"},
				"east": {"uv": [0, 9.5, 1.5, 10], "texture": "#0"},
				"south": {"uv": [3.5, 9.5, 4, 10], "texture": "#0"},
				"west": {"uv": [2, 9.5, 3.5, 10], "texture": "#0"},
				"up": {"uv": [2, 9.5, 1.5, 8], "texture": "#0"},
				"down": {"uv": [2.5, 8, 2, 9.5], "texture": "#0"}
			}
		},
		{
			"from": [8, 0, 6],
			"to": [9, 1, 9],
			"faces": {
				"north": {"uv": [1.5, 9.5, 2, 10], "texture": "#0"},
				"east": {"uv": [0, 9.5, 1.5, 10], "texture": "#0"},
				"south": {"uv": [3.5, 9.5, 4, 10], "texture": "#0"},
				"west": {"uv": [2, 9.5, 3.5, 10], "texture": "#0"},
				"up": {"uv": [2, 9.5, 1.5, 8], "texture": "#0"},
				"down": {"uv": [2.5, 8, 2, 9.5], "texture": "#0"}
			}
		},
		{
			"from": [9, 0, 5],
			"to": [10, 1, 8],
			"faces": {
				"north": {"uv": [1.5, 9.5, 2, 10], "texture": "#0"},
				"east": {"uv": [0, 9.5, 1.5, 10], "texture": "#0"},
				"south": {"uv": [3.5, 9.5, 4, 10], "texture": "#0"},
				"west": {"uv": [2, 9.5, 3.5, 10], "texture": "#0"},
				"up": {"uv": [2, 9.5, 1.5, 8], "texture": "#0"},
				"down": {"uv": [2.5, 8, 2, 9.5], "texture": "#0"}
			}
		},
		{
			"from": [10, 0, 4],
			"to": [11, 1, 7],
			"faces": {
				"north": {"uv": [1.5, 9.5, 2, 10], "texture": "#0"},
				"east": {"uv": [0, 9.5, 1.5, 10], "texture": "#0"},
				"south": {"uv": [3.5, 9.5, 4, 10], "texture": "#0"},
				"west": {"uv": [2, 9.5, 3.5, 10], "texture": "#0"},
				"up": {"uv": [2, 9.5, 1.5, 8], "texture": "#0"},
				"down": {"uv": [2.5, 8, 2, 9.5], "texture": "#0"}
			}
		},
		{
			"from": [11, 0, 3],
			"to": [12, 1, 6],
			"faces": {
				"north": {"uv": [5.5, 15.5, 6, 16], "texture": "#0"},
				"east": {"uv": [4, 15.5, 5.5, 16], "texture": "#0"},
				"south": {"uv": [7.5, 15.5, 8, 16], "texture": "#0"},
				"west": {"uv": [6, 15.5, 7.5, 16], "texture": "#0"},
				"up": {"uv": [6, 15.5, 5.5, 14], "texture": "#0"},
				"down": {"uv": [6.5, 14, 6, 15.5], "texture": "#0"}
			}
		},
		{
			"from": [12, 0, 2],
			"to": [14, 1, 4],
			"faces": {
				"north": {"uv": [7, 13, 8, 13.5], "texture": "#0"},
				"east": {"uv": [6, 13, 7, 13.5], "texture": "#0"},
				"south": {"uv": [9, 13, 10, 13.5], "texture": "#0"},
				"west": {"uv": [8, 13, 9, 13.5], "texture": "#0"},
				"up": {"uv": [8, 13, 7, 12], "texture": "#0"},
				"down": {"uv": [9, 12, 8, 13], "texture": "#0"}
			}
		},
		{
			"from": [14, 0, 1],
			"to": [17, 1, 3],
			"faces": {
				"north": {"uv": [12, 15.5, 13.5, 16], "texture": "#0"},
				"east": {"uv": [11, 15.5, 12, 16], "texture": "#0"},
				"south": {"uv": [14.5, 15.5, 16, 16], "texture": "#0"},
				"west": {"uv": [13.5, 15.5, 14.5, 16], "texture": "#0"},
				"up": {"uv": [13.5, 15.5, 12, 14.5], "texture": "#0"},
				"down": {"uv": [15, 14.5, 13.5, 15.5], "texture": "#0"}
			}
		},
		{
			"from": [12, 0, 4],
			"to": [13, 1, 5],
			"faces": {
				"north": {"uv": [0.5, 6, 1, 6.5], "texture": "#0"},
				"east": {"uv": [0, 6, 0.5, 6.5], "texture": "#0"},
				"south": {"uv": [1.5, 6, 2, 6.5], "texture": "#0"},
				"west": {"uv": [1, 6, 1.5, 6.5], "texture": "#0"},
				"up": {"uv": [1, 6, 0.5, 5.5], "texture": "#0"},
				"down": {"uv": [1.5, 5.5, 1, 6], "texture": "#0"}
			}
		},
		{
			"from": [14, 0, 3],
			"to": [15, 1, 4],
			"faces": {
				"north": {"uv": [0.5, 6, 1, 6.5], "texture": "#0"},
				"east": {"uv": [0, 6, 0.5, 6.5], "texture": "#0"},
				"south": {"uv": [1.5, 6, 2, 6.5], "texture": "#0"},
				"west": {"uv": [1, 6, 1.5, 6.5], "texture": "#0"},
				"up": {"uv": [1, 6, 0.5, 5.5], "texture": "#0"},
				"down": {"uv": [1.5, 5.5, 1, 6], "texture": "#0"}
			}
		},
		{
			"from": [17, 0, 1],
			"to": [18, 1, 2],
			"faces": {
				"north": {"uv": [14.5, 8, 15, 8.5], "texture": "#0"},
				"east": {"uv": [14, 8, 14.5, 8.5], "texture": "#0"},
				"south": {"uv": [15.5, 8, 16, 8.5], "texture": "#0"},
				"west": {"uv": [15, 8, 15.5, 8.5], "texture": "#0"},
				"up": {"uv": [15, 8, 14.5, 7.5], "texture": "#0"},
				"down": {"uv": [15.5, 7.5, 15, 8], "texture": "#0"}
			}
		},
		{
			"from": [16, 0, 0],
			"to": [20, 1, 1],
			"faces": {
				"north": {"uv": [11.5, 13.5, 13.5, 14], "texture": "#0"},
				"east": {"uv": [11, 13.5, 11.5, 14], "texture": "#0"},
				"south": {"uv": [14, 13.5, 16, 14], "texture": "#0"},
				"west": {"uv": [13.5, 13.5, 14, 14], "texture": "#0"},
				"up": {"uv": [13.5, 13.5, 11.5, 13], "texture": "#0"},
				"down": {"uv": [15.5, 13, 13.5, 13.5], "texture": "#0"}
			}
		}
	],
	"gui_light": "front",
	"display": {
		"thirdperson_righthand": {
			"rotation": [54, 0, 90],
			"translation": [-7.5, 6, 2]
		},
		"thirdperson_lefthand": {
			"rotation": [54, 0, -90],
			"translation": [7.5, 6, 2]
		},
		"firstperson_righthand": {
			"rotation": [66, 5, 91],
			"translation": [-5.25, 1.75, -1.75],
			"scale": [0.96, 0.96, 0.96]
		},
		"firstperson_lefthand": {
			"rotation": [66, 5, -91],
			"translation": [8, 3.25, -1.75],
			"scale": [0.96, 0.96, 0.96]
		},
		"ground": {
			"rotation": [0, 0, 90],
			"translation": [-8, 4.25, 0]
		},
		"gui": {
			"rotation": [90, 0, 0],
			"translation": [-1, -0.75, 0]
		},
		"head": {
			"rotation": [0, 0, -90],
			"translation": [7.5, 12.75, 7.25]
		},
		"fixed": {
			"rotation": [90, 90, 0],
			"translation": [1, -1.5, 8.25],
			"scale": [1.2, 1.2, 1.2]
		}
	},
	"groups": [
		{
			"name": "Pommel",
			"origin": [8, 8, 8],
			"color": 0,
			"nbt": "{}",
			"armAnimationEnabled": false,
			"children": [0, 1]
		},
		{
			"name": "Handle",
			"origin": [0, 0, 0],
			"color": 0,
			"nbt": "{}",
			"armAnimationEnabled": false,
			"children": [2, 3, 4, 5, 6, 7]
		},
		{
			"name": "Guard",
			"origin": [8, 8, 8],
			"color": 0,
			"nbt": "{}",
			"armAnimationEnabled": false,
			"children": [8, 9, 10, 11, 12, 13, 14]
		},
		{
			"name": "Blade",
			"origin": [8, 8, 8],
			"color": 0,
			"nbt": "{}",
			"armAnimationEnabled": false,
			"children": [15, 16, 17, 18, 19, 20, 21, 22, 23, 24, 25, 26, 27]
		}
	]
}