{
	"credit": "Made with Blockbench",
	"texture_size": [32, 32],
	"textures": {
		"0": "weapons/wooden_staff_texture",
		"particle": "weapons/wooden_staff_texture"
	},
	"elements": [
		{
			"name": "cube_2",
			"from": [8, 0, 6],
			"to": [9, 1, 9],
			"faces": {
				"north": {"uv": [5, 6.5, 5.5, 7], "texture": "#0"},
				"east": {"uv": [3.5, 6.5, 5, 7], "texture": "#0"},
				"south": {"uv": [7, 6.5, 7.5, 7], "texture": "#0"},
				"west": {"uv": [5.5, 6.5, 7, 7], "texture": "#0"},
				"up": {"uv": [5.5, 6.5, 5, 5], "texture": "#0"},
				"down": {"uv": [6, 5, 5.5, 6.5], "texture": "#0"}
			}
		},
		{
			"name": "cube_2",
			"from": [7, 0, 7],
			"to": [8, 1, 10],
			"faces": {
				"north": {"uv": [5, 6.5, 5.5, 7], "texture": "#0"},
				"east": {"uv": [3.5, 6.5, 5, 7], "texture": "#0"},
				"south": {"uv": [7, 6.5, 7.5, 7], "texture": "#0"},
				"west": {"uv": [5.5, 6.5, 7, 7], "texture": "#0"},
				"up": {"uv": [5.5, 6.5, 5, 5], "texture": "#0"},
				"down": {"uv": [6, 5, 5.5, 6.5], "texture": "#0"}
			}
		},
		{
			"name": "cube_2",
			"from": [4, 0, 10],
			"to": [5, 1, 13],
			"faces": {
				"north": {"uv": [5, 2, 5.5, 2.5], "texture": "#0"},
				"east": {"uv": [3.5, 2, 5, 2.5], "texture": "#0"},
				"south": {"uv": [7, 2, 7.5, 2.5], "texture": "#0"},
				"west": {"uv": [5.5, 2, 7, 2.5], "texture": "#0"},
				"up": {"uv": [5.5, 2, 5, 0.5], "texture": "#0"},
				"down": {"uv": [6, 0.5, 5.5, 2], "texture": "#0"}
			}
		},
		{
			"name": "cube_2",
			"from": [3, 0, 11],
			"to": [4, 1, 14],
			"faces": {
				"north": {"uv": [5, 2, 5.5, 2.5], "texture": "#0"},
				"east": {"uv": [3.5, 2, 5, 2.5], "texture": "#0"},
				"south": {"uv": [7, 2, 7.5, 2.5], "texture": "#0"},
				"west": {"uv": [5.5, 2, 7, 2.5], "texture": "#0"},
				"up": {"uv": [5.5, 2, 5, 0.5], "texture": "#0"},
				"down": {"uv": [6, 0.5, 5.5, 2], "texture": "#0"}
			}
		},
		{
			"name": "cube_2",
			"from": [5, 0, 9],
			"to": [6, 1, 12],
			"faces": {
				"north": {"uv": [5, 6.5, 5.5, 7], "texture": "#0"},
				"east": {"uv": [3.5, 6.5, 5, 7], "texture": "#0"},
				"south": {"uv": [7, 6.5, 7.5, 7], "texture": "#0"},
				"west": {"uv": [5.5, 6.5, 7, 7], "texture": "#0"},
				"up": {"uv": [5.5, 6.5, 5, 5], "texture": "#0"},
				"down": {"uv": [6, 5, 5.5, 6.5], "texture": "#0"}
			}
		},
		{
			"name": "cube_2",
			"from": [6, 0, 8],
			"to": [7, 1, 11],
			"faces": {
				"north": {"uv": [5, 6.5, 5.5, 7], "texture": "#0"},
				"east": {"uv": [3.5, 6.5, 5, 7], "texture": "#0"},
				"south": {"uv": [7, 6.5, 7.5, 7], "texture": "#0"},
				"west": {"uv": [5.5, 6.5, 7, 7], "texture": "#0"},
				"up": {"uv": [5.5, 6.5, 5, 5], "texture": "#0"},
				"down": {"uv": [6, 5, 5.5, 6.5], "texture": "#0"}
			}
		},
		{
			"name": "cube_2",
			"from": [1, 0, 13],
			"to": [2, 1, 16],
			"faces": {
				"north": {"uv": [5, 2, 5.5, 2.5], "texture": "#0"},
				"east": {"uv": [3.5, 2, 5, 2.5], "texture": "#0"},
				"south": {"uv": [7, 2, 7.5, 2.5], "texture": "#0"},
				"west": {"uv": [5.5, 2, 7, 2.5], "texture": "#0"},
				"up": {"uv": [5.5, 2, 5, 0.5], "texture": "#0"},
				"down": {"uv": [6, 0.5, 5.5, 2], "texture": "#0"}
			}
		},
		{
			"name": "cube_2",
			"from": [0, 0, 14],
			"to": [1, 1, 17],
			"faces": {
				"north": {"uv": [5, 2, 5.5, 2.5], "texture": "#0"},
				"east": {"uv": [3.5, 2, 5, 2.5], "texture": "#0"},
				"south": {"uv": [7, 2, 7.5, 2.5], "texture": "#0"},
				"west": {"uv": [5.5, 2, 7, 2.5], "texture": "#0"},
				"up": {"uv": [5.5, 2, 5, 0.5], "texture": "#0"},
				"down": {"uv": [6, 0.5, 5.5, 2], "texture": "#0"}
			}
		},
		{
			"name": "cube_2",
			"from": [-1, 0, 15],
			"to": [0, 1, 18],
			"faces": {
				"north": {"uv": [5, 2, 5.5, 2.5], "texture": "#0"},
				"east": {"uv": [3.5, 2, 5, 2.5], "texture": "#0"},
				"south": {"uv": [7, 2, 7.5, 2.5], "texture": "#0"},
				"west": {"uv": [5.5, 2, 7, 2.5], "texture": "#0"},
				"up": {"uv": [5.5, 2, 5, 0.5], "texture": "#0"},
				"down": {"uv": [6, 0.5, 5.5, 2], "texture": "#0"}
			}
		},
		{
			"name": "cube_2",
			"from": [-3, 0, 17],
			"to": [-2, 1, 20],
			"faces": {
				"north": {"uv": [5, 2, 5.5, 2.5], "texture": "#0"},
				"east": {"uv": [3.5, 2, 5, 2.5], "texture": "#0"},
				"south": {"uv": [7, 2, 7.5, 2.5], "texture": "#0"},
				"west": {"uv": [5.5, 2, 7, 2.5], "texture": "#0"},
				"up": {"uv": [5.5, 2, 5, 0.5], "texture": "#0"},
				"down": {"uv": [6, 0.5, 5.5, 2], "texture": "#0"}
			}
		},
		{
			"name": "cube_2",
			"from": [-2, 0, 16],
			"to": [-1, 1, 19],
			"faces": {
				"north": {"uv": [5, 2, 5.5, 2.5], "texture": "#0"},
				"east": {"uv": [3.5, 2, 5, 2.5], "texture": "#0"},
				"south": {"uv": [7, 2, 7.5, 2.5], "texture": "#0"},
				"west": {"uv": [5.5, 2, 7, 2.5], "texture": "#0"},
				"up": {"uv": [5.5, 2, 5, 0.5], "texture": "#0"},
				"down": {"uv": [6, 0.5, 5.5, 2], "texture": "#0"}
			}
		},
		{
			"name": "cube_2",
			"from": [14, 0, 0],
			"to": [15, 1, 3],
			"faces": {
				"north": {"uv": [5, 2, 5.5, 2.5], "texture": "#0"},
				"east": {"uv": [3.5, 2, 5, 2.5], "texture": "#0"},
				"south": {"uv": [7, 2, 7.5, 2.5], "texture": "#0"},
				"west": {"uv": [5.5, 2, 7, 2.5], "texture": "#0"},
				"up": {"uv": [5.5, 2, 5, 0.5], "texture": "#0"},
				"down": {"uv": [6, 0.5, 5.5, 2], "texture": "#0"}
			}
		},
		{
			"name": "cube_2",
			"from": [12, 0, 2],
			"to": [13, 1, 5],
			"faces": {
				"north": {"uv": [5, 2, 5.5, 2.5], "texture": "#0"},
				"east": {"uv": [3.5, 2, 5, 2.5], "texture": "#0"},
				"south": {"uv": [7, 2, 7.5, 2.5], "texture": "#0"},
				"west": {"uv": [5.5, 2, 7, 2.5], "texture": "#0"},
				"up": {"uv": [5.5, 2, 5, 0.5], "texture": "#0"},
				"down": {"uv": [6, 0.5, 5.5, 2], "texture": "#0"}
			}
		},
		{
			"name": "cube_2",
			"from": [10, 0, 4],
			"to": [11, 1, 7],
			"faces": {
				"north": {"uv": [5, 6.5, 5.5, 7], "texture": "#0"},
				"east": {"uv": [3.5, 6.5, 5, 7], "texture": "#0"},
				"south": {"uv": [7, 6.5, 7.5, 7], "texture": "#0"},
				"west": {"uv": [5.5, 6.5, 7, 7], "texture": "#0"},
				"up": {"uv": [5.5, 6.5, 5, 5], "texture": "#0"},
				"down": {"uv": [6, 5, 5.5, 6.5], "texture": "#0"}
			}
		},
		{
			"name": "cube_2",
			"from": [11, 0, 3],
			"to": [12, 1, 6],
			"faces": {
				"north": {"uv": [5, 2, 5.5, 2.5], "texture": "#0"},
				"east": {"uv": [3.5, 2, 5, 2.5], "texture": "#0"},
				"south": {"uv": [7, 2, 7.5, 2.5], "texture": "#0"},
				"west": {"uv": [5.5, 2, 7, 2.5], "texture": "#0"},
				"up": {"uv": [5.5, 2, 5, 0.5], "texture": "#0"},
				"down": {"uv": [6, 0.5, 5.5, 2], "texture": "#0"}
			}
		},
		{
			"name": "cube_2",
			"from": [9, 0, 5],
			"to": [10, 1, 8],
			"faces": {
				"north": {"uv": [5, 6.5, 5.5, 7], "texture": "#0"},
				"east": {"uv": [3.5, 6.5, 5, 7], "texture": "#0"},
				"south": {"uv": [7, 6.5, 7.5, 7], "texture": "#0"},
				"west": {"uv": [5.5, 6.5, 7, 7], "texture": "#0"},
				"up": {"uv": [5.5, 6.5, 5, 5], "texture": "#0"},
				"down": {"uv": [6, 5, 5.5, 6.5], "texture": "#0"}
			}
		},
		{
			"name": "cube_2",
			"from": [13, 0, 1],
			"to": [14, 1, 4],
			"faces": {
				"north": {"uv": [5, 2, 5.5, 2.5], "texture": "#0"},
				"east": {"uv": [3.5, 2, 5, 2.5], "texture": "#0"},
				"south": {"uv": [7, 2, 7.5, 2.5], "texture": "#0"},
				"west": {"uv": [5.5, 2, 7, 2.5], "texture": "#0"},
				"up": {"uv": [5.5, 2, 5, 0.5], "texture": "#0"},
				"down": {"uv": [6, 0.5, 5.5, 2], "texture": "#0"}
			}
		},
		{
			"name": "cube_2",
			"from": [15, 0, -1],
			"to": [16, 1, 2],
			"faces": {
				"north": {"uv": [5, 2, 5.5, 2.5], "texture": "#0"},
				"east": {"uv": [3.5, 2, 5, 2.5], "texture": "#0"},
				"south": {"uv": [7, 2, 7.5, 2.5], "texture": "#0"},
				"west": {"uv": [5.5, 2, 7, 2.5], "texture": "#0"},
				"up": {"uv": [5.5, 2, 5, 0.5], "texture": "#0"},
				"down": {"uv": [6, 0.5, 5.5, 2], "texture": "#0"}
			}
		},
		{
			"name": "cube_2",
			"from": [20, 0, -4],
			"to": [21, 1, -3],
			"faces": {
				"north": {"uv": [5, 4.5, 5.5, 5], "texture": "#0"},
				"east": {"uv": [4.5, 4.5, 5, 5], "texture": "#0"},
				"south": {"uv": [6, 4.5, 6.5, 5], "texture": "#0"},
				"west": {"uv": [5.5, 4.5, 6, 5], "texture": "#0"},
				"up": {"uv": [5.5, 4.5, 5, 4], "texture": "#0"},
				"down": {"uv": [6, 4, 5.5, 4.5], "texture": "#0"}
			}
		},
		{
			"name": "cube_2",
			"from": [18, 0, -4],
			"to": [19, 1, -1],
			"faces": {
				"north": {"uv": [5, 2, 5.5, 2.5], "texture": "#0"},
				"east": {"uv": [3.5, 2, 5, 2.5], "texture": "#0"},
				"south": {"uv": [7, 2, 7.5, 2.5], "texture": "#0"},
				"west": {"uv": [5.5, 2, 7, 2.5], "texture": "#0"},
				"up": {"uv": [5.5, 2, 5, 0.5], "texture": "#0"},
				"down": {"uv": [6, 0.5, 5.5, 2], "texture": "#0"}
			}
		},
		{
			"name": "cube_2",
			"from": [17, 0, -3],
			"to": [18, 1, 0],
			"faces": {
				"north": {"uv": [5, 2, 5.5, 2.5], "texture": "#0"},
				"east": {"uv": [3.5, 2, 5, 2.5], "texture": "#0"},
				"south": {"uv": [7, 2, 7.5, 2.5], "texture": "#0"},
				"west": {"uv": [5.5, 2, 7, 2.5], "texture": "#0"},
				"up": {"uv": [5.5, 2, 5, 0.5], "texture": "#0"},
				"down": {"uv": [6, 0.5, 5.5, 2], "texture": "#0"}
			}
		},
		{
			"name": "cube_2",
			"from": [16, 0, -2],
			"to": [17, 1, 1],
			"faces": {
				"north": {"uv": [5, 2, 5.5, 2.5], "texture": "#0"},
				"east": {"uv": [3.5, 2, 5, 2.5], "texture": "#0"},
				"south": {"uv": [7, 2, 7.5, 2.5], "texture": "#0"},
				"west": {"uv": [5.5, 2, 7, 2.5], "texture": "#0"},
				"up": {"uv": [5.5, 2, 5, 0.5], "texture": "#0"},
				"down": {"uv": [6, 0.5, 5.5, 2], "texture": "#0"}
			}
		},
		{
			"name": "cube_2",
			"from": [19, 0, -5],
			"to": [20, 1, -2],
			"faces": {
				"north": {"uv": [5, 2, 5.5, 2.5], "texture": "#0"},
				"east": {"uv": [3.5, 2, 5, 2.5], "texture": "#0"},
				"south": {"uv": [7, 2, 7.5, 2.5], "texture": "#0"},
				"west": {"uv": [5.5, 2, 7, 2.5], "texture": "#0"},
				"up": {"uv": [5.5, 2, 5, 0.5], "texture": "#0"},
				"down": {"uv": [6, 0.5, 5.5, 2], "texture": "#0"}
			}
		},
		{
			"name": "cube_2",
			"from": [2, 0, 12],
			"to": [3, 1, 15],
			"faces": {
				"north": {"uv": [5, 2, 5.5, 2.5], "texture": "#0"},
				"east": {"uv": [3.5, 2, 5, 2.5], "texture": "#0"},
				"south": {"uv": [7, 2, 7.5, 2.5], "texture": "#0"},
				"west": {"uv": [5.5, 2, 7, 2.5], "texture": "#0"},
				"up": {"uv": [5.5, 2, 5, 0.5], "texture": "#0"},
				"down": {"uv": [6, 0.5, 5.5, 2], "texture": "#0"}
			}
		},
		{
			"name": "cube_2",
			"from": [-4, 0, 18],
			"to": [-3, 1, 21],
			"faces": {
				"north": {"uv": [5, 2, 5.5, 2.5], "texture": "#0"},
				"east": {"uv": [3.5, 2, 5, 2.5], "texture": "#0"},
				"south": {"uv": [7, 2, 7.5, 2.5], "texture": "#0"},
				"west": {"uv": [5.5, 2, 7, 2.5], "texture": "#0"},
				"up": {"uv": [5.5, 2, 5, 0.5], "texture": "#0"},
				"down": {"uv": [6, 0.5, 5.5, 2], "texture": "#0"}
			}
		},
		{
			"name": "cube_2",
			"from": [-5, 0, 19],
			"to": [-4, 1, 20],
			"faces": {
				"north": {"uv": [5, 2, 5.5, 2.5], "texture": "#0"},
				"east": {"uv": [4.5, 2, 5, 2.5], "texture": "#0"},
				"south": {"uv": [6, 2, 6.5, 2.5], "texture": "#0"},
				"west": {"uv": [5.5, 2, 6, 2.5], "texture": "#0"},
				"up": {"uv": [5.5, 2, 5, 1.5], "texture": "#0"},
				"down": {"uv": [6, 1.5, 5.5, 2], "texture": "#0"}
			}
		}
	],
	"gui_light": "front",
	"display": {
		"thirdperson_righthand": {
			"rotation": [54, 0, 90],
			"translation": [-7.5, -1.25, 0.75]
		},
		"thirdperson_lefthand": {
			"rotation": [54, 0, -90],
			"translation": [7.5, -1.25, 0.75]
		},
		"firstperson_righthand": {
			"rotation": [66, 5, 91],
			"translation": [-5.25, 1.75, -1.75],
			"scale": [0.96, 0.96, 0.96]
		},
		"firstperson_lefthand": {
			"rotation": [66, 5, -91],
			"translation": [8, 3.25, -1.75],
			"scale": [0.96, 0.96, 0.96]
		},
		"ground": {
			"rotation": [0, 0, 90],
			"translation": [-8, 4.25, 0],
			"scale": [0.78, 0.78, 0.77]
		},
		"gui": {
			"rotation": [90, 0, 0],
			"translation": [-1, -0.75, 0]
		},
		"head": {
			"rotation": [0, 0, -90],
			"translation": [7.5, 12.75, 7.25]
		},
		"fixed": {
			"rotation": [90, 90, 0],
			"translation": [1, -1.5, 8.25],
			"scale": [1.2, 1.2, 1.2]
		}
	},
	"groups": [
		{
			"name": "Shaft",
			"origin": [0, 0, 0],
			"color": 0,
			"nbt": "{}",
			"armAnimationEnabled": false,
			"children": [0, 1, 2, 3, 4, 5, 6, 7, 8, 9, 10, 11, 12, 13, 14, 15, 16, 17, 18, 19, 20, 21, 22, 23, 24, 25]
		}
	]
}