{
	"credit": "Made with Blockbench",
	"texture_size": [32, 32],
	"textures": {
		"0": "hats/ruined_king_helmet_texture",
		"particle": "hats/ruined_king_helmet_texture"
	},
	"elements": [
		{
			"from": [0, 2, 4],
			"to": [1, 2, 12],
			"faces": {
				"north": {"uv": [4, 4, 4.5, 4], "texture": "#0"},
				"east": {"uv": [0, 4, 4, 4], "texture": "#0"},
				"south": {"uv": [8.5, 4, 9, 4], "texture": "#0"},
				"west": {"uv": [4.5, 4, 8.5, 4], "texture": "#0"},
				"up": {"uv": [4.5, 4, 4, 0], "texture": "#0"},
				"down": {"uv": [5, 0, 4.5, 4], "texture": "#0"}
			}
		},
		{
			"from": [4, 2, 0],
			"to": [12, 2, 1],
			"faces": {
				"north": {"uv": [0.5, 5, 4.5, 5], "texture": "#0"},
				"east": {"uv": [0, 5, 0.5, 5], "texture": "#0"},
				"south": {"uv": [5, 5, 9, 5], "texture": "#0"},
				"west": {"uv": [4.5, 5, 5, 5], "texture": "#0"},
				"up": {"uv": [4.5, 5, 0.5, 4.5], "texture": "#0"},
				"down": {"uv": [8.5, 4.5, 4.5, 5], "texture": "#0"}
			}
		},
		{
			"from": [4, 2, 15],
			"to": [12, 2, 16],
			"faces": {
				"north": {"uv": [0.5, 5, 4.5, 5], "texture": "#0"},
				"east": {"uv": [0, 5, 0.5, 5], "texture": "#0"},
				"south": {"uv": [5, 5, 9, 5], "texture": "#0"},
				"west": {"uv": [4.5, 5, 5, 5], "texture": "#0"},
				"up": {"uv": [4.5, 5, 0.5, 4.5], "texture": "#0"},
				"down": {"uv": [8.5, 4.5, 4.5, 5], "texture": "#0"}
			}
		},
		{
			"from": [2, 2, 1],
			"to": [4, 2, 2],
			"faces": {
				"north": {"uv": [0.5, 15.5, 1.5, 15.5], "texture": "#0"},
				"east": {"uv": [0, 15.5, 0.5, 15.5], "texture": "#0"},
				"south": {"uv": [2, 15.5, 3, 15.5], "texture": "#0"},
				"west": {"uv": [1.5, 15.5, 2, 15.5], "texture": "#0"},
				"up": {"uv": [1.5, 15.5, 0.5, 15], "texture": "#0"},
				"down": {"uv": [2.5, 15, 1.5, 15.5], "texture": "#0"}
			}
		},
		{
			"from": [2, 2, 14],
			"to": [4, 2, 15],
			"faces": {
				"north": {"uv": [0.5, 15.5, 1.5, 15.5], "texture": "#0"},
				"east": {"uv": [0, 15.5, 0.5, 15.5], "texture": "#0"},
				"south": {"uv": [2, 15.5, 3, 15.5], "texture": "#0"},
				"west": {"uv": [1.5, 15.5, 2, 15.5], "texture": "#0"},
				"up": {"uv": [1.5, 15.5, 0.5, 15], "texture": "#0"},
				"down": {"uv": [2.5, 15, 1.5, 15.5], "texture": "#0"}
			}
		},
		{
			"from": [12, 2, 14],
			"to": [14, 2, 15],
			"faces": {
				"north": {"uv": [0.5, 15.5, 1.5, 15.5], "texture": "#0"},
				"east": {"uv": [0, 15.5, 0.5, 15.5], "texture": "#0"},
				"south": {"uv": [2, 15.5, 3, 15.5], "texture": "#0"},
				"west": {"uv": [1.5, 15.5, 2, 15.5], "texture": "#0"},
				"up": {"uv": [1.5, 15.5, 0.5, 15], "texture": "#0"},
				"down": {"uv": [2.5, 15, 1.5, 15.5], "texture": "#0"}
			}
		},
		{
			"from": [12, 2, 1],
			"to": [14, 2, 2],
			"faces": {
				"north": {"uv": [0.5, 15.5, 1.5, 15.5], "texture": "#0"},
				"east": {"uv": [0, 15.5, 0.5, 15.5], "texture": "#0"},
				"south": {"uv": [2, 15.5, 3, 15.5], "texture": "#0"},
				"west": {"uv": [1.5, 15.5, 2, 15.5], "texture": "#0"},
				"up": {"uv": [1.5, 15.5, 0.5, 15], "texture": "#0"},
				"down": {"uv": [2.5, 15, 1.5, 15.5], "texture": "#0"}
			}
		},
		{
			"from": [1, 2, 2],
			"to": [2, 2, 4],
			"faces": {
				"north": {"uv": [1, 14.5, 1.5, 14.5], "texture": "#0"},
				"east": {"uv": [0, 14.5, 1, 14.5], "texture": "#0"},
				"south": {"uv": [2.5, 14.5, 3, 14.5], "texture": "#0"},
				"west": {"uv": [1.5, 14.5, 2.5, 14.5], "texture": "#0"},
				"up": {"uv": [1.5, 14.5, 1, 13.5], "texture": "#0"},
				"down": {"uv": [2, 13.5, 1.5, 14.5], "texture": "#0"}
			}
		},
		{
			"from": [1, 2, 12],
			"to": [2, 2, 14],
			"faces": {
				"north": {"uv": [1, 14.5, 1.5, 14.5], "texture": "#0"},
				"east": {"uv": [0, 14.5, 1, 14.5], "texture": "#0"},
				"south": {"uv": [2.5, 14.5, 3, 14.5], "texture": "#0"},
				"west": {"uv": [1.5, 14.5, 2.5, 14.5], "texture": "#0"},
				"up": {"uv": [1.5, 14.5, 1, 13.5], "texture": "#0"},
				"down": {"uv": [2, 13.5, 1.5, 14.5], "texture": "#0"}
			}
		},
		{
			"from": [14, 2, 12],
			"to": [15, 2, 14],
			"faces": {
				"north": {"uv": [1, 14.5, 1.5, 14.5], "texture": "#0"},
				"east": {"uv": [0, 14.5, 1, 14.5], "texture": "#0"},
				"south": {"uv": [2.5, 14.5, 3, 14.5], "texture": "#0"},
				"west": {"uv": [1.5, 14.5, 2.5, 14.5], "texture": "#0"},
				"up": {"uv": [1.5, 14.5, 1, 13.5], "texture": "#0"},
				"down": {"uv": [2, 13.5, 1.5, 14.5], "texture": "#0"}
			}
		},
		{
			"from": [14, 2, 2],
			"to": [15, 2, 4],
			"faces": {
				"north": {"uv": [1, 14.5, 1.5, 14.5], "texture": "#0"},
				"east": {"uv": [0, 14.5, 1, 14.5], "texture": "#0"},
				"south": {"uv": [2.5, 14.5, 3, 14.5], "texture": "#0"},
				"west": {"uv": [1.5, 14.5, 2.5, 14.5], "texture": "#0"},
				"up": {"uv": [1.5, 14.5, 1, 13.5], "texture": "#0"},
				"down": {"uv": [2, 13.5, 1.5, 14.5], "texture": "#0"}
			}
		},
		{
			"from": [0, 0, 7],
			"to": [1, 4, 9],
			"faces": {
				"north": {"uv": [14, 9, 14.5, 11], "texture": "#0"},
				"east": {"uv": [13, 9, 14, 11], "texture": "#0"},
				"south": {"uv": [15.5, 9, 16, 11], "texture": "#0"},
				"west": {"uv": [14.5, 9, 15.5, 11], "texture": "#0"},
				"up": {"uv": [14.5, 9, 14, 8], "texture": "#0"},
				"down": {"uv": [15, 8, 14.5, 9], "texture": "#0"}
			}
		},
		{
			"from": [0, 4, 7],
			"to": [0, 5, 9],
			"faces": {
				"north": {"uv": [1, 1, 1, 1.5], "texture": "#0"},
				"east": {"uv": [0, 1, 1, 1.5], "texture": "#0"},
				"south": {"uv": [2, 1, 2, 1.5], "texture": "#0"},
				"west": {"uv": [1, 1, 2, 1.5], "texture": "#0"},
				"up": {"uv": [1, 1, 1, 0], "texture": "#0"},
				"down": {"uv": [1, 0, 1, 1], "texture": "#0"}
			}
		},
		{
			"from": [0, 1, 4],
			"to": [1, 3, 5],
			"faces": {
				"north": {"uv": [14.5, 1, 15, 2], "texture": "#0"},
				"east": {"uv": [14, 1, 14.5, 2], "texture": "#0"},
				"south": {"uv": [15.5, 1, 16, 2], "texture": "#0"},
				"west": {"uv": [15, 1, 15.5, 2], "texture": "#0"},
				"up": {"uv": [15, 1, 14.5, 0.5], "texture": "#0"},
				"down": {"uv": [15.5, 0.5, 15, 1], "texture": "#0"}
			}
		},
		{
			"from": [0, 1, 11],
			"to": [1, 3, 12],
			"faces": {
				"north": {"uv": [14.5, 1, 15, 2], "texture": "#0"},
				"east": {"uv": [14, 1, 14.5, 2], "texture": "#0"},
				"south": {"uv": [15.5, 1, 16, 2], "texture": "#0"},
				"west": {"uv": [15, 1, 15.5, 2], "texture": "#0"},
				"up": {"uv": [15, 1, 14.5, 0.5], "texture": "#0"},
				"down": {"uv": [15.5, 0.5, 15, 1], "texture": "#0"}
			}
		},
		{
			"from": [0, 3, 4],
			"to": [0, 4, 5],
			"faces": {
				"north": {"uv": [15.5, 3, 15.5, 3.5], "texture": "#0"},
				"east": {"uv": [15, 3, 15.5, 3.5], "texture": "#0"},
				"south": {"uv": [16, 3, 16, 3.5], "texture": "#0"},
				"west": {"uv": [15.5, 3, 16, 3.5], "texture": "#0"},
				"up": {"uv": [15.5, 3, 15.5, 2.5], "texture": "#0"},
				"down": {"uv": [15.5, 2.5, 15.5, 3], "texture": "#0"}
			}
		},
		{
			"from": [0, 3, 11],
			"to": [0, 4, 12],
			"faces": {
				"north": {"uv": [15.5, 4, 15.5, 4.5], "texture": "#0"},
				"east": {"uv": [15, 4, 15.5, 4.5], "texture": "#0"},
				"south": {"uv": [16, 4, 16, 4.5], "texture": "#0"},
				"west": {"uv": [15.5, 4, 16, 4.5], "texture": "#0"},
				"up": {"uv": [15.5, 4, 15.5, 3.5], "texture": "#0"},
				"down": {"uv": [15.5, 3.5, 15.5, 4], "texture": "#0"}
			}
		}
	],
	"display": {
		"thirdperson_righthand": {
			"translation": [0, 7, 0]
		},
		"ground": {
			"translation": [0, 5.25, 0]
		},
		"gui": {
			"rotation": [-25, -52, 0],
			"translation": [0.5, 5.25, 5.5]
		},
		"head": {
			"rotation": [0, -90, 0],
			"translation": [0, 14, 0]
		},
		"fixed": {
			"rotation": [-90, 90, 0],
			"translation": [0, 0, -7.75]
		}
	}
}